"sample","tFermentation","bioproject","sequenceur","origin","short_name","count"
"ERR11865276","8","PRJEB65292","ILLUMINA, NextSeq 500, paired-end","na",NA,NA
"ERR11865278","24","PRJEB65292","ILLUMINA, NextSeq 500, paired-end","na","O23S",1
"ERR11865284","8","PRJEB65292","ILLUMINA, NextSeq 500, paired-end","na",NA,NA
"ERR11865286","24","PRJEB65292","ILLUMINA, NextSeq 500, paired-end","na","O23S",1
"ERR11865288","8","PRJEB65292","ILLUMINA, NextSeq 500, paired-end","na",NA,NA
"ERR11865290","24","PRJEB65292","ILLUMINA, NextSeq 500, paired-end","na",NA,NA
"ERR11865292","8","PRJEB65292","ILLUMINA, NextSeq 500, paired-end","na",NA,NA
"ERR11865294","24","PRJEB65292","ILLUMINA, NextSeq 500, paired-end","na",NA,NA
"ERR11865296","8","PRJEB65292","ILLUMINA, NextSeq 500, paired-end","na","O23S",1
"ERR11865298","24","PRJEB65292","ILLUMINA, NextSeq 500, paired-end","na","O23S",1
"ERR11865300","8","PRJEB65292","ILLUMINA, NextSeq 500, paired-end","na",NA,NA
"ERR11865302","24","PRJEB65292","ILLUMINA, NextSeq 500, paired-end","na",NA,NA
"ERR11865304","8","PRJEB65292","ILLUMINA, NextSeq 500, paired-end","na",NA,NA
"ERR11865305","8","PRJEB65292","ILLUMINA, NextSeq 500, paired-end","na",NA,NA
"ERR11865306","24","PRJEB65292","ILLUMINA, NextSeq 500, paired-end","na",NA,NA
"ERR11865307","24","PRJEB65292","ILLUMINA, NextSeq 500, paired-end","na",NA,NA
"ERR11865308","8","PRJEB65292","ILLUMINA, NextSeq 500, paired-end","na","O23S",1
"ERR11865310","24","PRJEB65292","ILLUMINA, NextSeq 500, paired-end","na","O23S",1
"ERR11865312","8","PRJEB65292","ILLUMINA, NextSeq 500, paired-end","na",NA,NA
"ERR11865314","24","PRJEB65292","ILLUMINA, NextSeq 500, paired-end","na","O23S",1
"ERR11865316","8","PRJEB65292","ILLUMINA, NextSeq 500, paired-end","na",NA,NA
"ERR11865318","24","PRJEB65292","ILLUMINA, NextSeq 500, paired-end","na",NA,NA
"ERR11865320","8","PRJEB65292","ILLUMINA, NextSeq 500, paired-end","na",NA,NA
"ERR11865322","24","PRJEB65292","ILLUMINA, NextSeq 500, paired-end","na",NA,NA
"ERR11865324","8","PRJEB65292","ILLUMINA, NextSeq 500, paired-end","na",NA,NA
"ERR11865326","24","PRJEB65292","ILLUMINA, NextSeq 500, paired-end","na","O23S",1
"ERR11865328","8","PRJEB65292","ILLUMINA, NextSeq 500, paired-end","na",NA,NA
"ERR11865330","24","PRJEB65292","ILLUMINA, NextSeq 500, paired-end","na",NA,NA
"ERR11865332","8","PRJEB65292","ILLUMINA, NextSeq 500, paired-end","na",NA,NA
"ERR11865334","24","PRJEB65292","ILLUMINA, NextSeq 500, paired-end","na","O23S",1
"ERR11865335","24","PRJEB65292","ILLUMINA, NextSeq 500, paired-end","na",NA,NA
"ERR11865336","8","PRJEB65292","ILLUMINA, NextSeq 500, paired-end","na",NA,NA
"ERR11865338","24","PRJEB65292","ILLUMINA, NextSeq 500, paired-end","na",NA,NA
"ERR11865340","8","PRJEB65292","ILLUMINA, NextSeq 500, paired-end","na",NA,NA
"ERR11865342","24","PRJEB65292","ILLUMINA, NextSeq 500, paired-end","na","O23S",1
"ERR11865344","8","PRJEB65292","ILLUMINA, NextSeq 500, paired-end","na","O23S",1
"ERR11865346","24","PRJEB65292","ILLUMINA, NextSeq 500, paired-end","na","O23S",1
"ERR11865348","8","PRJEB65292","ILLUMINA, NextSeq 500, paired-end","na",NA,NA
"ERR11865350","24","PRJEB65292","ILLUMINA, NextSeq 500, paired-end","na","O23S",1
"ERR11865352","8","PRJEB65292","ILLUMINA, NextSeq 500, paired-end","na","O23S",1
"ERR11865354","24","PRJEB65292","ILLUMINA, NextSeq 500, paired-end","na","O23S",1
"ERR11865356","8","PRJEB65292","ILLUMINA, NextSeq 500, paired-end","na",NA,NA
"ERR11865358","24","PRJEB65292","ILLUMINA, NextSeq 500, paired-end","na",NA,NA
"ERR11865359","24","PRJEB65292","ILLUMINA, NextSeq 500, paired-end","na",NA,NA
"ERR11865360","8","PRJEB65292","ILLUMINA, NextSeq 500, paired-end","na",NA,NA
"ERR11865362","24","PRJEB65292","ILLUMINA, NextSeq 500, paired-end","na",NA,NA
"ERR11865364","8","PRJEB65292","ILLUMINA, NextSeq 500, paired-end","na","ACRB",1
"ERR11865367","24","PRJEB65292","ILLUMINA, NextSeq 500, paired-end","na",NA,NA
"ERR11865369","8","PRJEB65292","ILLUMINA, NextSeq 500, paired-end","na",NA,NA
"ERR11865371","24","PRJEB65292","ILLUMINA, NextSeq 500, paired-end","na","O23S",1
"ERR11865373","8","PRJEB65292","ILLUMINA, NextSeq 500, paired-end","na",NA,NA
"ERR11865375","24","PRJEB65292","ILLUMINA, NextSeq 500, paired-end","na","O23S",1
"ERR11865377","8","PRJEB65292","ILLUMINA, NextSeq 500, paired-end","na",NA,NA
"ERR11865379","24","PRJEB65292","ILLUMINA, NextSeq 500, paired-end","na",NA,NA
"ERR11865381","8","PRJEB65292","ILLUMINA, NextSeq 500, paired-end","na",NA,NA
"ERR11865383","24","PRJEB65292","ILLUMINA, NextSeq 500, paired-end","na",NA,NA
"ERR11865385","8","PRJEB65292","ILLUMINA, NextSeq 500, paired-end","na","O23S",1
"ERR11865387","24","PRJEB65292","ILLUMINA, NextSeq 500, paired-end","na","O23S",1
"ERR11865389","8","PRJEB65292","ILLUMINA, NextSeq 500, paired-end","na",NA,NA
"ERR11865391","24","PRJEB65292","ILLUMINA, NextSeq 500, paired-end","na","O23S",1
"ERR11865393","8","PRJEB65292","ILLUMINA, NextSeq 500, paired-end","na",NA,NA
"ERR11865395","24","PRJEB65292","ILLUMINA, NextSeq 500, paired-end","na",NA,NA
"ERR11865397","8","PRJEB65292","ILLUMINA, NextSeq 500, paired-end","na","O23S",1
"ERR11865399","24","PRJEB65292","ILLUMINA, NextSeq 500, paired-end","na","O23S",1
"ERR11865401","8","PRJEB65292","ILLUMINA, NextSeq 500, paired-end","na",NA,NA
"ERR11865403","24","PRJEB65292","ILLUMINA, NextSeq 500, paired-end","na",NA,NA
"ERR11865405","8","PRJEB65292","ILLUMINA, NextSeq 500, paired-end","na",NA,NA
"ERR11865407","24","PRJEB65292","ILLUMINA, NextSeq 500, paired-end","na",NA,NA
"ERR11865409","8","PRJEB65292","ILLUMINA, NextSeq 500, paired-end","na",NA,NA
"ERR11865411","24","PRJEB65292","ILLUMINA, NextSeq 500, paired-end","na","O23S",1
"ERR11865413","8","PRJEB65292","ILLUMINA, NextSeq 500, paired-end","na",NA,NA
"ERR11865415","24","PRJEB65292","ILLUMINA, NextSeq 500, paired-end","na",NA,NA
"ERR11865417","8","PRJEB65292","ILLUMINA, NextSeq 500, paired-end","na",NA,NA
"ERR11865419","24","PRJEB65292","ILLUMINA, NextSeq 500, paired-end","na",NA,NA
"ERR11865421","8","PRJEB65292","ILLUMINA, NextSeq 500, paired-end","na",NA,NA
"ERR11865423","24","PRJEB65292","ILLUMINA, NextSeq 500, paired-end","na",NA,NA
"ERR11865425","8","PRJEB65292","ILLUMINA, NextSeq 500, paired-end","na",NA,NA
"ERR11865427","24","PRJEB65292","ILLUMINA, NextSeq 500, paired-end","na",NA,NA
"ERR11865429","8","PRJEB65292","ILLUMINA, NextSeq 500, paired-end","na",NA,NA
"ERR11865431","24","PRJEB65292","ILLUMINA, NextSeq 500, paired-end","na",NA,NA
"ERR11865433","8","PRJEB65292","ILLUMINA, NextSeq 500, paired-end","na",NA,NA
"ERR11865435","24","PRJEB65292","ILLUMINA, NextSeq 500, paired-end","na",NA,NA
"ERR11865437","8","PRJEB65292","ILLUMINA, NextSeq 500, paired-end","na",NA,NA
"ERR11865439","24","PRJEB65292","ILLUMINA, NextSeq 500, paired-end","na",NA,NA
"ERR11865441","8","PRJEB65292","ILLUMINA, NextSeq 500, paired-end","na","O23S",1
"ERR11865443","24","PRJEB65292","ILLUMINA, NextSeq 500, paired-end","na","O23S",1
"ERR11865445","8","PRJEB65292","ILLUMINA, NextSeq 500, paired-end","na",NA,NA
"ERR11865447","24","PRJEB65292","ILLUMINA, NextSeq 500, paired-end","na",NA,NA
"ERR11865449","8","PRJEB65292","ILLUMINA, NextSeq 500, paired-end","na","O23S",1
"ERR11865451","24","PRJEB65292","ILLUMINA, NextSeq 500, paired-end","na","O23S",1
"ERR11865453","8","PRJEB65292","ILLUMINA, NextSeq 500, paired-end","na",NA,NA
"ERR11865455","24","PRJEB65292","ILLUMINA, NextSeq 500, paired-end","na",NA,NA
"ERR11865457","8","PRJEB65292","ILLUMINA, NextSeq 500, paired-end","na",NA,NA
"ERR11865459","24","PRJEB65292","ILLUMINA, NextSeq 500, paired-end","na",NA,NA
"ERR11865461","8","PRJEB65292","ILLUMINA, NextSeq 500, paired-end","na",NA,NA
"ERR11865463","24","PRJEB65292","ILLUMINA, NextSeq 500, paired-end","na",NA,NA
"ERR11865465","8","PRJEB65292","ILLUMINA, NextSeq 500, paired-end","na","O23S",1
"ERR11865467","24","PRJEB65292","ILLUMINA, NextSeq 500, paired-end","na","O23S",1
"ERR11865469","8","PRJEB65292","ILLUMINA, NextSeq 500, paired-end","na","TEM",1
"ERR11865471","24","PRJEB65292","ILLUMINA, NextSeq 500, paired-end","na","TEM",1
"ERR11865473","8","PRJEB65292","ILLUMINA, NextSeq 500, paired-end","na","TEM",1
"ERR11865475","24","PRJEB65292","ILLUMINA, NextSeq 500, paired-end","na","TEM",1
"ERR11865477","8","PRJEB65292","ILLUMINA, NextSeq 500, paired-end","na","TEM",1
"ERR11865479","24","PRJEB65292","ILLUMINA, NextSeq 500, paired-end","na","TEM",1
"ERR11865481","8","PRJEB65292","ILLUMINA, NextSeq 500, paired-end","na",NA,NA
"ERR11865483","24","PRJEB65292","ILLUMINA, NextSeq 500, paired-end","na",NA,NA
"ERR11865485","8","PRJEB65292","ILLUMINA, NextSeq 500, paired-end","na","O23S",1
"ERR11865487","24","PRJEB65292","ILLUMINA, NextSeq 500, paired-end","na","O23S",1
"ERR11865489","8","PRJEB65292","ILLUMINA, NextSeq 500, paired-end","na",NA,NA
"ERR11865491","24","PRJEB65292","ILLUMINA, NextSeq 500, paired-end","na",NA,NA
"ERR11865493","8","PRJEB65292","ILLUMINA, NextSeq 500, paired-end","na","TEM",1
"ERR11865495","24","PRJEB65292","ILLUMINA, NextSeq 500, paired-end","na","O23S",1
"ERR11865495","24","PRJEB65292","ILLUMINA, NextSeq 500, paired-end","na","TEM",1
"ERR11865497","8","PRJEB65292","ILLUMINA, NextSeq 500, paired-end","na","O23S",1
"ERR11865497","8","PRJEB65292","ILLUMINA, NextSeq 500, paired-end","na","TEM",1
"ERR11865499","24","PRJEB65292","ILLUMINA, NextSeq 500, paired-end","na","O23S",1
"ERR11865499","24","PRJEB65292","ILLUMINA, NextSeq 500, paired-end","na","TEM",1
"ERR11865501","8","PRJEB65292","ILLUMINA, NextSeq 500, paired-end","na","TEM",1
"ERR11865503","24","PRJEB65292","ILLUMINA, NextSeq 500, paired-end","na","TEM",1
"ERR11865508","24","PRJEB65292","ILLUMINA, NextSeq 500, paired-end","na","O23S",1
"ERR11865508","24","PRJEB65292","ILLUMINA, NextSeq 500, paired-end","na","TEM",1
"ERR11865509","8","PRJEB65292","ILLUMINA, NextSeq 500, paired-end","na","O23S",1
"ERR11865509","8","PRJEB65292","ILLUMINA, NextSeq 500, paired-end","na","TEM",1
"ERR11865511","24","PRJEB65292","ILLUMINA, NextSeq 500, paired-end","na","O23S",1
"ERR11865511","24","PRJEB65292","ILLUMINA, NextSeq 500, paired-end","na","TEM",1
"ERR11865538","8","PRJEB65292","ILLUMINA, NextSeq 500, paired-end","na",NA,NA
"ERR11865540","24","PRJEB65292","ILLUMINA, NextSeq 500, paired-end","na","O23S",1
"ERR11865542","8","PRJEB65292","ILLUMINA, NextSeq 500, paired-end","na",NA,NA
"ERR11865544","24","PRJEB65292","ILLUMINA, NextSeq 500, paired-end","na","O23S",1
"ERR11865546","8","PRJEB65292","ILLUMINA, NextSeq 500, paired-end","na","O23S",1
"ERR11865548","24","PRJEB65292","ILLUMINA, NextSeq 500, paired-end","na","O23S",1
"ERR11865552","24","PRJEB65292","ILLUMINA, NextSeq 500, paired-end","na","O23S",1
"ERR11865554","8","PRJEB65292","ILLUMINA, NextSeq 500, paired-end","na","O23S",1
"ERR11865556","24","PRJEB65292","ILLUMINA, NextSeq 500, paired-end","na","O23S",1
"ERR11865558","8","PRJEB65292","ILLUMINA, NextSeq 500, paired-end","na",NA,NA
"ERR11865560","24","PRJEB65292","ILLUMINA, NextSeq 500, paired-end","na",NA,NA
"ERR14783384","24h every 1-3 day for 1 week","PRJEB77409","Illumina NovaSeq 6000, paired-end","Every Good Thing, UK",NA,NA
"ERR14783385","24h every 1-3 day for 1 week","PRJEB77409","Illumina NovaSeq 6000, paired-end","Every Good Thing, UK",NA,NA
"ERR14783386","24h every 1-3 day for 5 week","PRJEB77409","Illumina NovaSeq 6000, paired-end","Every Good Thing, UK",NA,NA
"ERR14783390","24h every 1-3 day for 1 week","PRJEB77409","Illumina NovaSeq 6000, paired-end","Every Good Thing, UK","BC",1
"ERR14783390","24h every 1-3 day for 1 week","PRJEB77409","Illumina NovaSeq 6000, paired-end","Every Good Thing, UK","O23S",1
"ERR14783390","24h every 1-3 day for 1 week","PRJEB77409","Illumina NovaSeq 6000, paired-end","Every Good Thing, UK","RPOCL",1
"ERR14783391","24h every 1-3 day for 1 week","PRJEB77409","Illumina NovaSeq 6000, paired-end","Every Good Thing, UK","BCII",1
"ERR14783391","24h every 1-3 day for 1 week","PRJEB77409","Illumina NovaSeq 6000, paired-end","Every Good Thing, UK","BLA1",1
"ERR14783391","24h every 1-3 day for 1 week","PRJEB77409","Illumina NovaSeq 6000, paired-end","Every Good Thing, UK","BLAZ",3
"ERR14783391","24h every 1-3 day for 1 week","PRJEB77409","Illumina NovaSeq 6000, paired-end","Every Good Thing, UK","RPOCL",1
"ERR14783392","24h every 1-3 day for 5 week","PRJEB77409","Illumina NovaSeq 6000, paired-end","Every Good Thing, UK",NA,NA
"ERR14783393","24h every 1-3 day for 5 week","PRJEB77409","Illumina NovaSeq 6000, paired-end","Every Good Thing, UK","BCII",1
"ERR14783393","24h every 1-3 day for 5 week","PRJEB77409","Illumina NovaSeq 6000, paired-end","Every Good Thing, UK","BLA1",1
"ERR14783393","24h every 1-3 day for 5 week","PRJEB77409","Illumina NovaSeq 6000, paired-end","Every Good Thing, UK","BLAZ",3
"ERR14783393","24h every 1-3 day for 5 week","PRJEB77409","Illumina NovaSeq 6000, paired-end","Every Good Thing, UK","RPOCL",1
"ERR14783399","24h every 1-3 day for 1 week","PRJEB77409","Illumina NovaSeq 6000, paired-end","Every Good Thing, UK","O23S",1
"ERR14783400","24h every 1-3 day for 5 week","PRJEB77409","Illumina NovaSeq 6000, paired-end","Every Good Thing, UK","O23S",1
"ERR14783401","24h every 1-3 day for 13 week","PRJEB77409","Illumina NovaSeq 6000, paired-end","Every Good Thing, UK",NA,NA
"ERR14783402","24h every 1-3 day for 21 week","PRJEB77409","Illumina NovaSeq 6000, paired-end","Every Good Thing, UK","CTX",1
"ERR14783402","24h every 1-3 day for 21 week","PRJEB77409","Illumina NovaSeq 6000, paired-end","Every Good Thing, UK","O23S",1
"ERR14783408","24h every 1-3 day for 1 week","PRJEB77409","Illumina NovaSeq 6000, paired-end","Every Good Thing, UK","O23S",1
"ERR14783409","24h every 1-3 day for 9 week","PRJEB77409","Illumina NovaSeq 6000, paired-end","Every Good Thing, UK","O23S",1
"ERR14783410","24h every 1-3 day for 13 week","PRJEB77409","Illumina NovaSeq 6000, paired-end","Every Good Thing, UK","O23S",1
"ERR14783411","24h every 1-3 day for 17 week","PRJEB77409","Illumina NovaSeq 6000, paired-end","Every Good Thing, UK","O23S",1
"ERR14783416","24h every 1-3 day for 9 week","PRJEB77409","Illumina NovaSeq 6000, paired-end","Every Good Thing, UK","ACRA",1
"ERR14783416","24h every 1-3 day for 9 week","PRJEB77409","Illumina NovaSeq 6000, paired-end","Every Good Thing, UK","ACRB",1
"ERR14783416","24h every 1-3 day for 9 week","PRJEB77409","Illumina NovaSeq 6000, paired-end","Every Good Thing, UK","ACRE",1
"ERR14783416","24h every 1-3 day for 9 week","PRJEB77409","Illumina NovaSeq 6000, paired-end","Every Good Thing, UK","ACRF",1
"ERR14783416","24h every 1-3 day for 9 week","PRJEB77409","Illumina NovaSeq 6000, paired-end","Every Good Thing, UK","ACRR",1
"ERR14783416","24h every 1-3 day for 9 week","PRJEB77409","Illumina NovaSeq 6000, paired-end","Every Good Thing, UK","ACRS",1
"ERR14783416","24h every 1-3 day for 9 week","PRJEB77409","Illumina NovaSeq 6000, paired-end","Every Good Thing, UK","CRP",1
"ERR14783416","24h every 1-3 day for 9 week","PRJEB77409","Illumina NovaSeq 6000, paired-end","Every Good Thing, UK","CTX",1
"ERR14783416","24h every 1-3 day for 9 week","PRJEB77409","Illumina NovaSeq 6000, paired-end","Every Good Thing, UK","EVGA",1
"ERR14783416","24h every 1-3 day for 9 week","PRJEB77409","Illumina NovaSeq 6000, paired-end","Every Good Thing, UK","EVGS",1
"ERR14783416","24h every 1-3 day for 9 week","PRJEB77409","Illumina NovaSeq 6000, paired-end","Every Good Thing, UK","HNS",1
"ERR14783416","24h every 1-3 day for 9 week","PRJEB77409","Illumina NovaSeq 6000, paired-end","Every Good Thing, UK","MARA",1
"ERR14783416","24h every 1-3 day for 9 week","PRJEB77409","Illumina NovaSeq 6000, paired-end","Every Good Thing, UK","MARR",1
"ERR14783416","24h every 1-3 day for 9 week","PRJEB77409","Illumina NovaSeq 6000, paired-end","Every Good Thing, UK","O23S",1
"ERR14783416","24h every 1-3 day for 9 week","PRJEB77409","Illumina NovaSeq 6000, paired-end","Every Good Thing, UK","OMPA",1
"ERR14783416","24h every 1-3 day for 9 week","PRJEB77409","Illumina NovaSeq 6000, paired-end","Every Good Thing, UK","OMPFB",1
"ERR14783416","24h every 1-3 day for 9 week","PRJEB77409","Illumina NovaSeq 6000, paired-end","Every Good Thing, UK","PBP4B",1
"ERR14783416","24h every 1-3 day for 9 week","PRJEB77409","Illumina NovaSeq 6000, paired-end","Every Good Thing, UK","ROBA",1
"ERR14783418","24h every 1-3 day for 21 week","PRJEB77409","Illumina NovaSeq 6000, paired-end","Every Good Thing, UK",NA,NA
"ERR14783424","24h every 1-3 day for 1 week","PRJEB77409","Illumina NovaSeq 6000, paired-end","Every Good Thing, UK","BLAC",1
"ERR14783424","24h every 1-3 day for 1 week","PRJEB77409","Illumina NovaSeq 6000, paired-end","Every Good Thing, UK","OMP36",2
"ERR14783424","24h every 1-3 day for 1 week","PRJEB77409","Illumina NovaSeq 6000, paired-end","Every Good Thing, UK","OQXA",1
"ERR14783425","24h every 1-3 day for 5 week","PRJEB77409","Illumina NovaSeq 6000, paired-end","Every Good Thing, UK","ACRA",2
"ERR14783425","24h every 1-3 day for 5 week","PRJEB77409","Illumina NovaSeq 6000, paired-end","Every Good Thing, UK","ACRB",2
"ERR14783425","24h every 1-3 day for 5 week","PRJEB77409","Illumina NovaSeq 6000, paired-end","Every Good Thing, UK","CMY",2
"ERR14783425","24h every 1-3 day for 5 week","PRJEB77409","Illumina NovaSeq 6000, paired-end","Every Good Thing, UK","CTX",1
"ERR14783425","24h every 1-3 day for 5 week","PRJEB77409","Illumina NovaSeq 6000, paired-end","Every Good Thing, UK","HNS",2
"ERR14783425","24h every 1-3 day for 5 week","PRJEB77409","Illumina NovaSeq 6000, paired-end","Every Good Thing, UK","OMP36",2
"ERR14783425","24h every 1-3 day for 5 week","PRJEB77409","Illumina NovaSeq 6000, paired-end","Every Good Thing, UK","OMP37",1
"ERR14783425","24h every 1-3 day for 5 week","PRJEB77409","Illumina NovaSeq 6000, paired-end","Every Good Thing, UK","OMPA",2
"ERR14783425","24h every 1-3 day for 5 week","PRJEB77409","Illumina NovaSeq 6000, paired-end","Every Good Thing, UK","OMPFB",1
"ERR14783426","24h every 1-3 day for 13 week","PRJEB77409","Illumina NovaSeq 6000, paired-end","Every Good Thing, UK",NA,NA
"ERR14783427","24h every 1-3 day for 17 week","PRJEB77409","Illumina NovaSeq 6000, paired-end","Every Good Thing, UK",NA,NA
"ERR14783429","24h every 1-3 day for 1 week","PRJEB77409","Illumina NovaSeq 6000, paired-end","Every Good Thing, UK",NA,NA
"ERR14783433","24h every 1-3 day for 5 week","PRJEB77409","Illumina NovaSeq 6000, paired-end","Every Good Thing, UK","ACRA",1
"ERR14783433","24h every 1-3 day for 5 week","PRJEB77409","Illumina NovaSeq 6000, paired-end","Every Good Thing, UK","OMP36",1
"ERR14783433","24h every 1-3 day for 5 week","PRJEB77409","Illumina NovaSeq 6000, paired-end","Every Good Thing, UK","OMPA",1
"ERR14783433","24h every 1-3 day for 5 week","PRJEB77409","Illumina NovaSeq 6000, paired-end","Every Good Thing, UK","OMPK36",1
"ERR14783434","24h every 1-3 day for 9 week","PRJEB77409","Illumina NovaSeq 6000, paired-end","Every Good Thing, UK","O23S",1
"ERR14783439","24h every 1-3 day for 1 week","PRJEB77409","Illumina NovaSeq 6000, paired-end","Every Good Thing, UK",NA,NA
"ERR14783440","24h every 1-3 day for 5 week","PRJEB77409","Illumina NovaSeq 6000, paired-end","Every Good Thing, UK","O23S",1
"ERR14783441","24h every 1-3 day for 9 week","PRJEB77409","Illumina NovaSeq 6000, paired-end","Every Good Thing, UK",NA,NA
"ERR14783442","24h every 1-3 day for 13 week","PRJEB77409","Illumina NovaSeq 6000, paired-end","Every Good Thing, UK",NA,NA
"ERR14783446","24h every 1-3 day for 5 week","PRJEB77409","Illumina NovaSeq 6000, paired-end","Every Good Thing, UK",NA,NA
"ERR14783447","24h every 1-3 day for 13 week","PRJEB77409","Illumina NovaSeq 6000, paired-end","Every Good Thing, UK",NA,NA
"ERR14783453","24h every 1-3 day for 1 week","PRJEB77409","Illumina NovaSeq 6000, paired-end","Every Good Thing, UK",NA,NA
"ERR14783454","24h every 1-3 day for 5 week","PRJEB77409","Illumina NovaSeq 6000, paired-end","Every Good Thing, UK",NA,NA
"ERR14783455","24h every 1-3 day for 5 week","PRJEB77409","Illumina NovaSeq 6000, paired-end","Every Good Thing, UK",NA,NA
"ERR14783456","24h every 1-3 day for 17 week","PRJEB77409","Illumina NovaSeq 6000, paired-end","Every Good Thing, UK",NA,NA
"ERR14783459","24h every 1-3 day for 5 week","PRJEB77409","Illumina NovaSeq 6000, paired-end","Every Good Thing, UK",NA,NA
"ERR14783460","24h every 1-3 day for 9 week","PRJEB77409","Illumina NovaSeq 6000, paired-end","Every Good Thing, UK",NA,NA
"ERR14783464","24h every 1-3 day for 1 week","PRJEB77409","Illumina NovaSeq 6000, paired-end","Every Good Thing, UK","ACRF",1
"ERR14783464","24h every 1-3 day for 1 week","PRJEB77409","Illumina NovaSeq 6000, paired-end","Every Good Thing, UK","CRP",1
"ERR14783464","24h every 1-3 day for 1 week","PRJEB77409","Illumina NovaSeq 6000, paired-end","Every Good Thing, UK","CTX",1
"ERR14783464","24h every 1-3 day for 1 week","PRJEB77409","Illumina NovaSeq 6000, paired-end","Every Good Thing, UK","OMP36",1
"ERR14783464","24h every 1-3 day for 1 week","PRJEB77409","Illumina NovaSeq 6000, paired-end","Every Good Thing, UK","OMPA",1
"ERR14783465","24h every 1-3 day for 13 week","PRJEB77409","Illumina NovaSeq 6000, paired-end","Every Good Thing, UK","O23S",1
"ERR14783466","24h every 1-3 day for 17 week","PRJEB77409","Illumina NovaSeq 6000, paired-end","Every Good Thing, UK","O23S",1
"ERR14783473","24h every 1-3 day for 5 week","PRJEB77409","Illumina NovaSeq 6000, paired-end","Every Good Thing, UK","LIAFSR",2
"ERR14783474","24h every 1-3 day for 9 week","PRJEB77409","Illumina NovaSeq 6000, paired-end","Every Good Thing, UK",NA,NA
"ERR14783475","24h every 1-3 day for 13 week","PRJEB77409","Illumina NovaSeq 6000, paired-end","Every Good Thing, UK","O23S",1
"ERR14783476","24h every 1-3 day for 17 week","PRJEB77409","Illumina NovaSeq 6000, paired-end","Every Good Thing, UK",NA,NA
"ERR14783483","24h every 1-3 day for 1 week","PRJEB77409","Illumina NovaSeq 6000, paired-end","Every Good Thing, UK",NA,NA
"ERR14783484","24h every 1-3 day for 5 week","PRJEB77409","Illumina NovaSeq 6000, paired-end","Every Good Thing, UK","OMPA",1
"ERR14783484","24h every 1-3 day for 5 week","PRJEB77409","Illumina NovaSeq 6000, paired-end","Every Good Thing, UK","OMPK36",1
"ERR14783485","24h every 1-3 day for 9 week","PRJEB77409","Illumina NovaSeq 6000, paired-end","Every Good Thing, UK","O23S",1
"ERR14783485","24h every 1-3 day for 9 week","PRJEB77409","Illumina NovaSeq 6000, paired-end","Every Good Thing, UK","RPOCL",1
"ERR14783486","24h every 1-3 day for 13 week","PRJEB77409","Illumina NovaSeq 6000, paired-end","Every Good Thing, UK","O23S",1
"ERR14783487","24h every 1-3 day for 21 week","PRJEB77409","Illumina NovaSeq 6000, paired-end","Every Good Thing, UK","O23S",1
"ERR14783492","24h every 1-3 day for 1 week","PRJEB77409","Illumina NovaSeq 6000, paired-end","Every Good Thing, UK","O23S",1
"ERR14783493","24h every 1-3 day for 5 week","PRJEB77409","Illumina NovaSeq 6000, paired-end","Every Good Thing, UK","O23S",2
"ERR14783494","24h every 1-3 day for 9 week","PRJEB77409","Illumina NovaSeq 6000, paired-end","Every Good Thing, UK",NA,NA
"ERR14783495","24h every 1-3 day for 21 week","PRJEB77409","Illumina NovaSeq 6000, paired-end","Every Good Thing, UK",NA,NA
"ERR14783500","24h every 1-3 day for 5 week","PRJEB77409","Illumina NovaSeq 6000, paired-end","Every Good Thing, UK",NA,NA
"ERR14783501","24h every 1-3 day for 9 week","PRJEB77409","Illumina NovaSeq 6000, paired-end","Every Good Thing, UK","ACRA",1
"ERR14783501","24h every 1-3 day for 9 week","PRJEB77409","Illumina NovaSeq 6000, paired-end","Every Good Thing, UK","ACRB",1
"ERR14783501","24h every 1-3 day for 9 week","PRJEB77409","Illumina NovaSeq 6000, paired-end","Every Good Thing, UK","ACRF",1
"ERR14783501","24h every 1-3 day for 9 week","PRJEB77409","Illumina NovaSeq 6000, paired-end","Every Good Thing, UK","CMY",2
"ERR14783501","24h every 1-3 day for 9 week","PRJEB77409","Illumina NovaSeq 6000, paired-end","Every Good Thing, UK","HNS",1
"ERR14783501","24h every 1-3 day for 9 week","PRJEB77409","Illumina NovaSeq 6000, paired-end","Every Good Thing, UK","O23S",1
"ERR14783501","24h every 1-3 day for 9 week","PRJEB77409","Illumina NovaSeq 6000, paired-end","Every Good Thing, UK","OMP36",1
"ERR14783501","24h every 1-3 day for 9 week","PRJEB77409","Illumina NovaSeq 6000, paired-end","Every Good Thing, UK","OMPA",1
"ERR14783501","24h every 1-3 day for 9 week","PRJEB77409","Illumina NovaSeq 6000, paired-end","Every Good Thing, UK","OMPFB",1
"ERR14783502","24h every 1-3 day for 13 week","PRJEB77409","Illumina NovaSeq 6000, paired-end","Every Good Thing, UK",NA,NA
"ERR14783503","24h every 1-3 day for 17 week","PRJEB77409","Illumina NovaSeq 6000, paired-end","Every Good Thing, UK","ACRA",1
"ERR14783503","24h every 1-3 day for 17 week","PRJEB77409","Illumina NovaSeq 6000, paired-end","Every Good Thing, UK","ACRB",1
"ERR14783503","24h every 1-3 day for 17 week","PRJEB77409","Illumina NovaSeq 6000, paired-end","Every Good Thing, UK","ACRF",1
"ERR14783503","24h every 1-3 day for 17 week","PRJEB77409","Illumina NovaSeq 6000, paired-end","Every Good Thing, UK","CMY",2
"ERR14783503","24h every 1-3 day for 17 week","PRJEB77409","Illumina NovaSeq 6000, paired-end","Every Good Thing, UK","OMP36",1
"ERR14783503","24h every 1-3 day for 17 week","PRJEB77409","Illumina NovaSeq 6000, paired-end","Every Good Thing, UK","OMPA",1
"ERR14783503","24h every 1-3 day for 17 week","PRJEB77409","Illumina NovaSeq 6000, paired-end","Every Good Thing, UK","OMPFB",1
"ERR14783509","24h every 1-3 day for 1 week","PRJEB77409","Illumina NovaSeq 6000, paired-end","Every Good Thing, UK","RPOCL",1
"ERR14783510","24h every 1-3 day for 9  week","PRJEB77409","Illumina NovaSeq 6000, paired-end","Every Good Thing, UK","ACRB",1
"ERR14783510","24h every 1-3 day for 9  week","PRJEB77409","Illumina NovaSeq 6000, paired-end","Every Good Thing, UK","EVGS",1
"ERR14783510","24h every 1-3 day for 9  week","PRJEB77409","Illumina NovaSeq 6000, paired-end","Every Good Thing, UK","O23S",1
"ERR14783510","24h every 1-3 day for 9  week","PRJEB77409","Illumina NovaSeq 6000, paired-end","Every Good Thing, UK","OMPK36",2
"ERR14783510","24h every 1-3 day for 9  week","PRJEB77409","Illumina NovaSeq 6000, paired-end","Every Good Thing, UK","RAHN",1
"ERR14783511","24h every 1-3 day for 17 week","PRJEB77409","Illumina NovaSeq 6000, paired-end","Every Good Thing, UK",NA,NA
"ERR14783512","24h every 1-3 day for 21 week","PRJEB77409","Illumina NovaSeq 6000, paired-end","Every Good Thing, UK",NA,NA
"ERR14783519","24h every 1-3 day for 1 week","PRJEB77409","Illumina NovaSeq 6000, paired-end","Every Good Thing, UK",NA,NA
"ERR14783521","24h every 1-3 day for 9 week","PRJEB77409","Illumina NovaSeq 6000, paired-end","Every Good Thing, UK","ACRB",1
"ERR14783521","24h every 1-3 day for 9 week","PRJEB77409","Illumina NovaSeq 6000, paired-end","Every Good Thing, UK","O23S",1
"ERR14783521","24h every 1-3 day for 9 week","PRJEB77409","Illumina NovaSeq 6000, paired-end","Every Good Thing, UK","OMP36",2
"ERR14783522","24h every 1-3 day for 13 week","PRJEB77409","Illumina NovaSeq 6000, paired-end","Every Good Thing, UK","O23S",1
"ERR14783522","24h every 1-3 day for 13 week","PRJEB77409","Illumina NovaSeq 6000, paired-end","Every Good Thing, UK","OMP36",2
"ERR14783523","24h every 1-3 day for 17 week","PRJEB77409","Illumina NovaSeq 6000, paired-end","Every Good Thing, UK","O23S",1
"ERR14783524","24h every 1-3 day for 21 week","PRJEB77409","Illumina NovaSeq 6000, paired-end","Every Good Thing, UK","ACRB",2
"ERR14783524","24h every 1-3 day for 21 week","PRJEB77409","Illumina NovaSeq 6000, paired-end","Every Good Thing, UK","CRP",1
"ERR14783524","24h every 1-3 day for 21 week","PRJEB77409","Illumina NovaSeq 6000, paired-end","Every Good Thing, UK","O23S",1
"ERR14783524","24h every 1-3 day for 21 week","PRJEB77409","Illumina NovaSeq 6000, paired-end","Every Good Thing, UK","OMP36",2
"ERR14783524","24h every 1-3 day for 21 week","PRJEB77409","Illumina NovaSeq 6000, paired-end","Every Good Thing, UK","OMPA",1
"ERR14783524","24h every 1-3 day for 21 week","PRJEB77409","Illumina NovaSeq 6000, paired-end","Every Good Thing, UK","OMPF",1
"ERR14783524","24h every 1-3 day for 21 week","PRJEB77409","Illumina NovaSeq 6000, paired-end","Every Good Thing, UK","OQXB",1
"ERR14783530","24h every 1-3 day for 9 week","PRJEB77409","Illumina NovaSeq 6000, paired-end","Every Good Thing, UK",NA,NA
"ERR14783532","24h every 1-3 day for 17 week","PRJEB77409","Illumina NovaSeq 6000, paired-end","Every Good Thing, UK",NA,NA
"ERR14783538","24h every 1-3 day for 1 week","PRJEB77409","Illumina NovaSeq 6000, paired-end","Every Good Thing, UK","ACRB",4
"ERR14783538","24h every 1-3 day for 1 week","PRJEB77409","Illumina NovaSeq 6000, paired-end","Every Good Thing, UK","CRP",1
"ERR14783538","24h every 1-3 day for 1 week","PRJEB77409","Illumina NovaSeq 6000, paired-end","Every Good Thing, UK","CTX",1
"ERR14783538","24h every 1-3 day for 1 week","PRJEB77409","Illumina NovaSeq 6000, paired-end","Every Good Thing, UK","HNS",1
"ERR14783538","24h every 1-3 day for 1 week","PRJEB77409","Illumina NovaSeq 6000, paired-end","Every Good Thing, UK","O23S",1
"ERR14783538","24h every 1-3 day for 1 week","PRJEB77409","Illumina NovaSeq 6000, paired-end","Every Good Thing, UK","OMP36",1
"ERR14783538","24h every 1-3 day for 1 week","PRJEB77409","Illumina NovaSeq 6000, paired-end","Every Good Thing, UK","OMPA",1
"ERR14783538","24h every 1-3 day for 1 week","PRJEB77409","Illumina NovaSeq 6000, paired-end","Every Good Thing, UK","OMPFB",1
"ERR14783538","24h every 1-3 day for 1 week","PRJEB77409","Illumina NovaSeq 6000, paired-end","Every Good Thing, UK","OQXA",2
"ERR14783538","24h every 1-3 day for 1 week","PRJEB77409","Illumina NovaSeq 6000, paired-end","Every Good Thing, UK","OQXB",1
"ERR14783539","24h every 1-3 day for 5 week","PRJEB77409","Illumina NovaSeq 6000, paired-end","Every Good Thing, UK","BLAC",1
"ERR14783539","24h every 1-3 day for 5 week","PRJEB77409","Illumina NovaSeq 6000, paired-end","Every Good Thing, UK","O23S",1
"ERR14783539","24h every 1-3 day for 5 week","PRJEB77409","Illumina NovaSeq 6000, paired-end","Every Good Thing, UK","OMP36",2
"ERR14783541","24h every 1-3 day for 13 week","PRJEB77409","Illumina NovaSeq 6000, paired-end","Every Good Thing, UK","ACRA",1
"ERR14783541","24h every 1-3 day for 13 week","PRJEB77409","Illumina NovaSeq 6000, paired-end","Every Good Thing, UK","ACRB",1
"ERR14783541","24h every 1-3 day for 13 week","PRJEB77409","Illumina NovaSeq 6000, paired-end","Every Good Thing, UK","ACRR",1
"ERR14783541","24h every 1-3 day for 13 week","PRJEB77409","Illumina NovaSeq 6000, paired-end","Every Good Thing, UK","CRP",1
"ERR14783541","24h every 1-3 day for 13 week","PRJEB77409","Illumina NovaSeq 6000, paired-end","Every Good Thing, UK","EVGA",1
"ERR14783541","24h every 1-3 day for 13 week","PRJEB77409","Illumina NovaSeq 6000, paired-end","Every Good Thing, UK","EVGS",1
"ERR14783541","24h every 1-3 day for 13 week","PRJEB77409","Illumina NovaSeq 6000, paired-end","Every Good Thing, UK","GADW",1
"ERR14783541","24h every 1-3 day for 13 week","PRJEB77409","Illumina NovaSeq 6000, paired-end","Every Good Thing, UK","GADX",1
"ERR14783541","24h every 1-3 day for 13 week","PRJEB77409","Illumina NovaSeq 6000, paired-end","Every Good Thing, UK","HNS",1
"ERR14783541","24h every 1-3 day for 13 week","PRJEB77409","Illumina NovaSeq 6000, paired-end","Every Good Thing, UK","LIAFSR",4
"ERR14783541","24h every 1-3 day for 13 week","PRJEB77409","Illumina NovaSeq 6000, paired-end","Every Good Thing, UK","MARA",1
"ERR14783541","24h every 1-3 day for 13 week","PRJEB77409","Illumina NovaSeq 6000, paired-end","Every Good Thing, UK","MARR",1
"ERR14783541","24h every 1-3 day for 13 week","PRJEB77409","Illumina NovaSeq 6000, paired-end","Every Good Thing, UK","MDTE",1
"ERR14783541","24h every 1-3 day for 13 week","PRJEB77409","Illumina NovaSeq 6000, paired-end","Every Good Thing, UK","MDTF",1
"ERR14783541","24h every 1-3 day for 13 week","PRJEB77409","Illumina NovaSeq 6000, paired-end","Every Good Thing, UK","OMPFB",1
"ERR14783549","24h every 1-3 day for 5 week","PRJEB77409","Illumina NovaSeq 6000, paired-end","Every Good Thing, UK","MDEA",1
"ERR14783549","24h every 1-3 day for 5 week","PRJEB77409","Illumina NovaSeq 6000, paired-end","Every Good Thing, UK","O23S",1
"ERR14783550","24h every 1-3 day for 9 week","PRJEB77409","Illumina NovaSeq 6000, paired-end","Every Good Thing, UK","O23S",1
"ERR14783551","24h every 1-3 day for 13 week","PRJEB77409","Illumina NovaSeq 6000, paired-end","Every Good Thing, UK","O23S",1
"ERR14783553","24h every 1-3 day for 21 week","PRJEB77409","Illumina NovaSeq 6000, paired-end","Every Good Thing, UK","O23S",1
"ERR14783783","24h every 1-3 day for 1 week","PRJEB77409","Illumina NovaSeq 6000, paired-end","Every Good Thing, UK","ACRA",1
"ERR14783783","24h every 1-3 day for 1 week","PRJEB77409","Illumina NovaSeq 6000, paired-end","Every Good Thing, UK","CRP",1
"ERR14783783","24h every 1-3 day for 1 week","PRJEB77409","Illumina NovaSeq 6000, paired-end","Every Good Thing, UK","CTX",1
"ERR14783783","24h every 1-3 day for 1 week","PRJEB77409","Illumina NovaSeq 6000, paired-end","Every Good Thing, UK","O23S",1
"ERR14783783","24h every 1-3 day for 1 week","PRJEB77409","Illumina NovaSeq 6000, paired-end","Every Good Thing, UK","OMPK36",1
"ERR14783783","24h every 1-3 day for 1 week","PRJEB77409","Illumina NovaSeq 6000, paired-end","Every Good Thing, UK","OQXA",1
"ERR14783783","24h every 1-3 day for 1 week","PRJEB77409","Illumina NovaSeq 6000, paired-end","Every Good Thing, UK","OQXB",1
"ERR14783783","24h every 1-3 day for 1 week","PRJEB77409","Illumina NovaSeq 6000, paired-end","Every Good Thing, UK","OXY",1
"ERR14783784","24h every 1-3 day for 5 week","PRJEB77409","Illumina NovaSeq 6000, paired-end","Every Good Thing, UK","ACRA",1
"ERR14783784","24h every 1-3 day for 5 week","PRJEB77409","Illumina NovaSeq 6000, paired-end","Every Good Thing, UK","CTX",1
"ERR14783784","24h every 1-3 day for 5 week","PRJEB77409","Illumina NovaSeq 6000, paired-end","Every Good Thing, UK","O23S",1
"ERR14783784","24h every 1-3 day for 5 week","PRJEB77409","Illumina NovaSeq 6000, paired-end","Every Good Thing, UK","OQXA",1
"ERR14783784","24h every 1-3 day for 5 week","PRJEB77409","Illumina NovaSeq 6000, paired-end","Every Good Thing, UK","OQXB",1
"ERR14783784","24h every 1-3 day for 5 week","PRJEB77409","Illumina NovaSeq 6000, paired-end","Every Good Thing, UK","OXY",1
"ERR14783785","24h every 1-3 day for 9 week","PRJEB77409","Illumina NovaSeq 6000, paired-end","Every Good Thing, UK","ACRB",1
"ERR14783785","24h every 1-3 day for 9 week","PRJEB77409","Illumina NovaSeq 6000, paired-end","Every Good Thing, UK","CRP",1
"ERR14783785","24h every 1-3 day for 9 week","PRJEB77409","Illumina NovaSeq 6000, paired-end","Every Good Thing, UK","CTX",1
"ERR14783785","24h every 1-3 day for 9 week","PRJEB77409","Illumina NovaSeq 6000, paired-end","Every Good Thing, UK","O23S",1
"ERR14783785","24h every 1-3 day for 9 week","PRJEB77409","Illumina NovaSeq 6000, paired-end","Every Good Thing, UK","OMPK36",1
"ERR14783785","24h every 1-3 day for 9 week","PRJEB77409","Illumina NovaSeq 6000, paired-end","Every Good Thing, UK","OQXA",1
"ERR14783785","24h every 1-3 day for 9 week","PRJEB77409","Illumina NovaSeq 6000, paired-end","Every Good Thing, UK","OQXB",1
"ERR14783785","24h every 1-3 day for 9 week","PRJEB77409","Illumina NovaSeq 6000, paired-end","Every Good Thing, UK","OXY",1
"ERR14783786","24h every 1-3 day for 13 week","PRJEB77409","Illumina NovaSeq 6000, paired-end","Every Good Thing, UK","O23S",1
"ERR14783787","24h every 1-3 day for 17 week","PRJEB77409","Illumina NovaSeq 6000, paired-end","Every Good Thing, UK","ACRB",2
"ERR14783787","24h every 1-3 day for 17 week","PRJEB77409","Illumina NovaSeq 6000, paired-end","Every Good Thing, UK","ACRR",1
"ERR14783787","24h every 1-3 day for 17 week","PRJEB77409","Illumina NovaSeq 6000, paired-end","Every Good Thing, UK","CMY",1
"ERR14783787","24h every 1-3 day for 17 week","PRJEB77409","Illumina NovaSeq 6000, paired-end","Every Good Thing, UK","HNS",1
"ERR14783787","24h every 1-3 day for 17 week","PRJEB77409","Illumina NovaSeq 6000, paired-end","Every Good Thing, UK","MDEA",1
"ERR14783787","24h every 1-3 day for 17 week","PRJEB77409","Illumina NovaSeq 6000, paired-end","Every Good Thing, UK","MIR",1
"ERR14783787","24h every 1-3 day for 17 week","PRJEB77409","Illumina NovaSeq 6000, paired-end","Every Good Thing, UK","O23S",1
"ERR14783787","24h every 1-3 day for 17 week","PRJEB77409","Illumina NovaSeq 6000, paired-end","Every Good Thing, UK","OMPA",2
"ERR14783787","24h every 1-3 day for 17 week","PRJEB77409","Illumina NovaSeq 6000, paired-end","Every Good Thing, UK","RAMR",1
"ERR14783788","24h every 1-3 day for 21 week","PRJEB77409","Illumina NovaSeq 6000, paired-end","Every Good Thing, UK","ACRA",1
"ERR14783788","24h every 1-3 day for 21 week","PRJEB77409","Illumina NovaSeq 6000, paired-end","Every Good Thing, UK","ACRB",1
"ERR14783788","24h every 1-3 day for 21 week","PRJEB77409","Illumina NovaSeq 6000, paired-end","Every Good Thing, UK","ACRF",1
"ERR14783788","24h every 1-3 day for 21 week","PRJEB77409","Illumina NovaSeq 6000, paired-end","Every Good Thing, UK","CMY",1
"ERR14783788","24h every 1-3 day for 21 week","PRJEB77409","Illumina NovaSeq 6000, paired-end","Every Good Thing, UK","MARA",1
"ERR14783788","24h every 1-3 day for 21 week","PRJEB77409","Illumina NovaSeq 6000, paired-end","Every Good Thing, UK","O23S",1
"ERR14783788","24h every 1-3 day for 21 week","PRJEB77409","Illumina NovaSeq 6000, paired-end","Every Good Thing, UK","OMP36",2
"ERR14783788","24h every 1-3 day for 21 week","PRJEB77409","Illumina NovaSeq 6000, paired-end","Every Good Thing, UK","OMPA",1
"ERR14783788","24h every 1-3 day for 21 week","PRJEB77409","Illumina NovaSeq 6000, paired-end","Every Good Thing, UK","OMPFB",1
"ERR14783788","24h every 1-3 day for 21 week","PRJEB77409","Illumina NovaSeq 6000, paired-end","Every Good Thing, UK","ROBA",1
"ERR14783792","24h every 1-3 day for 1 week","PRJEB77409","Illumina NovaSeq 6000, paired-end","Every Good Thing, UK",NA,NA
"ERR14783793","24h every 1-3 day for 5 week","PRJEB77409","Illumina NovaSeq 6000, paired-end","Every Good Thing, UK",NA,NA
"ERR14783794","24h every 1-3 day for 9 week","PRJEB77409","Illumina NovaSeq 6000, paired-end","Every Good Thing, UK",NA,NA
"ERR14783795","24h every 1-3 day for 17 week","PRJEB77409","Illumina NovaSeq 6000, paired-end","Every Good Thing, UK",NA,NA
"ERR14783796","24h every 1-3 day for 21 week","PRJEB77409","Illumina NovaSeq 6000, paired-end","Every Good Thing, UK","ACRB",2
"ERR14783796","24h every 1-3 day for 21 week","PRJEB77409","Illumina NovaSeq 6000, paired-end","Every Good Thing, UK","LAQ",1
"ERR14783796","24h every 1-3 day for 21 week","PRJEB77409","Illumina NovaSeq 6000, paired-end","Every Good Thing, UK","OMP36",1
"ERR14783796","24h every 1-3 day for 21 week","PRJEB77409","Illumina NovaSeq 6000, paired-end","Every Good Thing, UK","OMPA",1
"ERR14783802","24h every 1-3 day for 13 week","PRJEB77409","Illumina NovaSeq 6000, paired-end","Every Good Thing, UK",NA,NA
"ERR14783805","24h every 1-3 day for 1 week","PRJEB77409","Illumina NovaSeq 6000, paired-end","Every Good Thing, UK",NA,NA
"ERR14783806","24h every 1-3 day for 1 week","PRJEB77409","Illumina NovaSeq 6000, paired-end","Every Good Thing, UK",NA,NA
"ERR14783809","24h every 1-3 day for 1 week","PRJEB77409","Illumina NovaSeq 6000, paired-end","Every Good Thing, UK",NA,NA
"ERR14783810","24h every 1-3 day for 1 week","PRJEB77409","Illumina NovaSeq 6000, paired-end","Every Good Thing, UK",NA,NA
"ERR14783811","24h every 1-3 day for 5 week","PRJEB77409","Illumina NovaSeq 6000, paired-end","Every Good Thing, UK",NA,NA
"ERR14783812","24h every 1-3 day for 5 week","PRJEB77409","Illumina NovaSeq 6000, paired-end","Every Good Thing, UK",NA,NA
"SRR13801804","48","PRJNA704713","Illumina, NextSeq 500, paired-end","Mexique",NA,NA
"SRR13801805","48","PRJNA704713","Illumina, NextSeq 500, paired-end","Mexique",NA,NA
"SRR7287342","48","PRJNA388572","Illumina HiSeq 2500, paired-end","Chile","CTX",1
"SRR7287342","48","PRJNA388572","Illumina HiSeq 2500, paired-end","Chile","HNS",1
"SRR7287342","48","PRJNA388572","Illumina HiSeq 2500, paired-end","Chile","OMP36",2
"SRR7287342","48","PRJNA388572","Illumina HiSeq 2500, paired-end","Chile","OMPA",1
"SRR7287342","48","PRJNA388572","Illumina HiSeq 2500, paired-end","Chile","OMPK36",1
"SRR7287342","48","PRJNA388572","Illumina HiSeq 2500, paired-end","Chile","OQXB",1
"SRR8282406","48","PRJNA388572","Illumina HiSeq 4000, paired-end","Chile","HNS",1
"SRR8282406","48","PRJNA388572","Illumina HiSeq 4000, paired-end","Chile","OMP36",1
