sample,Lactococcus cremoris,Lactobacillus kefiranofaciens,Lactobacillus helveticus,Lactococcus lactis,Lentilactobacillus kefiri,Leuconostoc mesenteroides,Pseudolactococcus raffinolactis,Acinetobacter sp. TTH0-4,Pseudomonas helleri,Acetobacter orientalis,Other <0.005%,Streptococcus thermophilus,Pseudomonas lundensis,Macrococcoides caseolyticum,Hafnia paralvei,Pseudomonas brenneri,Lactococcus sp.,Streptococcus parauberis,Thermus thermophilus,Leuconostoc falkenbergense,Pseudolactococcus piscium,Acetobacter ghanensis,Pseudomonas saxonica,Carnobacterium maltaromaticum,Kluyvera intermedia,Saccharomyces cerevisiae,Kluyveromyces marxianus,Lelliottia amnigena,Pseudomonas putida,Klebsiella sp. HC6,Bacillus mycoides,Pantoea agglomerans,Clostridium saccharobutylicum,Pseudolactococcus carnosus,Pseudomonas lurida,Paenibacillus sp. FSL H8-0332,Pseudomonas sp. B21128,Propionibacterium freudenreichii,Klebsiella grimontii,Yersinia alsatica,Duffyella gerundensis,Clostridium beijerinckii,Pseudolactococcus paracarnosus,Yarrowia lipolytica,Pseudomonas azotoformans,Clostridium tyrobutyricum,Pseudomonas sp. FP453,Pseudomonas moraviensis,Acinetobacter towneri,Leclercia adecarboxylata,Rahnella aceris,Pseudomonas sp. S3_B08,Kluyvera cryocrescens,Pseudomonas rustica,Superficieibacter sp. BNK-5,Pseudomonas sp. SD17-1,Janthinobacterium sp. J1-1,Maaswegvirus Kp24,Staphylococcus sp. IVB6181,Citrobacter freundii complex sp. CFNIH3,Macrococcus psychrotolerans,Lactococcus phage 63301,Bacillus sp. WC2507,Enterobacter sp. RHBSTW-00901,Pseudomonas sp. SC3(2021),Bordetella bronchiseptica
ERR11865276,5.21,0.01,0.08,0.11,0.01,0.03,0.03,0,0,0,0.02,0,0,0,0,0,0.02,0,0,0,0,0,0,0,0,0,0,0,0,0,0,0,0,0,0,0,0,0,0,0,0,0,0,0,0,0,0,0,0,0,0,0,0,0,0,0,0,0,0,0,0,0,0,0,0,0
ERR11865278,5.29,0.02,0.23,0.16,0,0.03,0.04,0,0,0.01,0.02,0,0,0,0,0,0.02,0,0,0,0,0,0,0,0,0,0,0,0,0,0,0,0,0,0,0,0,0,0,0,0,0,0,0,0,0,0,0,0,0,0,0,0,0,0,0,0,0,0,0,0,0,0,0,0,0
ERR11865284,3.73,0.52,0.68,0.05,0.06,0.09,0,0,0,0.01,0.01,0,0,0,0,0,0.04,0,0,0,0,0,0,0,0,0,0,0,0,0,0,0,0,0,0,0,0,0,0,0,0,0,0,0,0,0,0,0,0,0,0,0,0,0,0,0,0,0,0,0,0,0,0,0,0,0
ERR11865286,5.35,0.13,0.04,0.07,0.02,0.11,0,0,0,0.01,0.01,0,0,0,0,0,0.06,0,0,0,0,0,0,0,0,0,0,0,0,0,0,0,0,0,0,0,0,0,0,0,0,0,0,0,0,0,0,0,0,0,0,0,0,0,0,0,0,0,0,0,0,0,0,0,0,0
ERR11865288,4.64,0.04,0.04,0.05,0,0.03,0,0,0,0,0,0,0,0,0,0,0.05,0,0,0,0,0,0,0,0,0,0,0,0,0,0,0,0,0,0,0,0,0,0,0,0,0,0,0,0,0,0,0,0,0,0,0,0,0,0,0,0,0,0,0,0,0,0,0,0,0
ERR11865290,4.26,0.15,0.31,0.07,0.02,0.04,0.01,0,0,0,0,0,0,0,0,0,0.04,0,0,0,0,0,0,0,0,0,0,0,0,0,0,0,0,0,0,0,0,0,0,0,0,0,0,0,0,0,0,0,0,0,0,0,0,0,0,0,0,0,0,0,0,0,0,0,0,0
ERR11865292,0.44,0.08,0.18,0.49,0.2,0,0,0,1.1,0,0,0,0.03,0,0,0,0,0,0,0,0,0,0,0,0,0,0,0,0,0,0,0,0,0,0,0,0,0,0,0,0,0,0,0,0,0,0,0,0,0,0,0,0,0,0,0,0,0,0,0,0,0,0,0,0,0
ERR11865294,1.59,0.03,0.13,0.68,0.12,0,0,0,0.3,0,0,0,0,0,0,0,0.02,0,0,0,0,0,0,0,0,0,0,0,0,0,0,0,0,0,0,0,0,0,0,0,0,0,0,0,0,0,0,0,0,0,0,0,0,0,0,0,0,0,0,0,0,0,0,0,0,0
ERR11865296,1.32,0.05,0.1,0.35,0.01,0.04,0.02,0,0,0,0,0,0,0,0,0,0.01,0,0,0,0,0,0,0,0,0.01,0,0,0,0,0,0,0,0,0,0,0,0,0,0,0,0,0,0,0,0,0,0,0,0,0,0,0,0,0,0,0,0,0,0,0,0,0,0,0,0
ERR11865298,2.74,0.75,0.22,0.28,0.15,0.16,0.02,0,0,0.01,0,0,0,0,0,0,0.01,0,0,0,0,0,0,0,0,0.01,0,0,0,0,0,0,0,0,0,0,0,0,0,0,0,0,0,0,0,0,0,0,0,0,0,0,0,0,0,0,0,0,0,0,0,0,0,0,0,0
ERR11865300,4.66,0.28,0.06,0.04,0.08,0.01,0.01,0,0,0,0,0,0,0,0,0,0.05,0,0,0,0,0,0,0,0,0,0,0,0,0,0,0,0,0,0,0,0,0,0,0,0,0,0,0,0,0,0,0,0,0,0,0,0,0,0,0,0,0,0,0,0,0,0,0,0,0
ERR11865302,4.62,0.22,0.13,0.06,0.07,0.01,0.01,0,0,0,0,0,0,0,0,0,0.03,0,0,0,0,0,0,0,0,0,0,0,0,0,0,0,0,0,0,0,0,0,0,0,0,0,0,0,0,0,0,0,0,0,0,0,0,0,0,0,0,0,0,0,0,0,0,0,0,0
ERR11865304,1.89,1.02,0,0.46,0.59,0,0.01,0,0,0,0.01,0,0,0,0,0,0.01,0,0,0,0,0,0,0,0,0,0.02,0,0,0,0,0,0,0,0,0,0,0,0,0,0,0,0,0,0,0,0,0,0,0,0,0,0,0,0,0,0,0,0,0,0,0,0,0,0,0
ERR11865305,0.64,0.34,0,0.69,0.11,0,0.1,0,0,0,0,0,0,0,0,0,0,0,0,0,0,0,0,0,0,0,0.01,0,0,0,0,0,0,0,0,0,0,0,0,0,0,0,0,0,0,0,0,0,0,0,0,0,0,0,0,0,0,0,0,0,0,0,0,0,0,0
ERR11865306,0.75,0.65,0,0.66,0.21,0,0.16,0,0,0,0,0,0,0,0,0,0,0,0,0,0,0,0,0,0,0,0,0,0,0,0,0,0,0,0,0,0,0,0,0,0,0,0,0,0,0,0,0,0,0,0,0,0,0,0,0,0,0,0,0,0,0,0,0,0,0
ERR11865307,0.55,0.55,0,0.73,0.16,0,0.35,0,0,0,0.01,0,0,0,0,0,0.01,0,0,0,0,0,0,0,0,0,0,0,0,0,0,0,0,0,0,0,0,0,0,0,0,0,0,0,0,0,0,0,0,0,0,0,0,0,0,0,0,0,0,0,0,0,0,0,0,0
ERR11865308,4.83,0.03,0.2,0.05,0.03,0.02,0,0,0,0,0,0,0,0,0,0,0.05,0,0,0,0,0,0,0,0,0,0,0,0,0,0,0,0,0,0,0,0,0,0,0,0,0,0,0,0,0,0,0,0,0,0,0,0,0,0,0,0,0,0,0,0,0,0,0,0,0
ERR11865310,4.52,0.16,0.65,0.03,0.07,0.02,0,0,0,0.01,0,0,0,0,0,0,0.04,0,0,0,0,0,0,0,0,0,0,0,0,0,0,0,0,0,0,0,0,0,0,0,0,0,0,0,0,0,0,0,0,0,0,0,0,0,0,0,0,0,0,0,0,0,0,0,0,0
ERR11865312,5.88,0.04,0,0.04,0.08,0,0.01,0,0.02,0,0,0,0,0,0,0,0.05,0,0,0,0,0,0,0,0,0,0,0,0,0,0,0,0,0,0,0,0,0,0,0,0,0,0,0,0,0,0,0,0,0,0,0,0,0,0,0,0,0,0,0,0,0,0,0,0,0
ERR11865314,6.21,0.06,0,0.07,0.08,0,0.02,0,0,0.01,0.01,0,0,0,0,0,0.07,0,0,0,0,0,0,0,0,0,0,0,0,0,0,0,0,0,0,0,0,0,0,0,0,0,0,0,0,0,0,0,0,0,0,0,0,0,0,0,0,0,0,0,0,0,0,0,0,0
ERR11865316,2.76,1.59,0.24,0.19,0.46,0,0,0,0,0.03,0,0,0.06,0,0,0,0.02,0,0,0,0,0,0,0,0,0,0,0,0,0,0,0,0,0,0,0,0,0,0,0,0,0,0,0,0,0,0,0,0,0,0,0,0,0,0,0,0,0,0,0,0,0,0,0,0,0
ERR11865318,4.79,0.35,0.18,0.07,0.14,0,0,0,0,0.03,0,0,0.01,0,0,0,0.03,0,0,0,0,0,0,0,0,0,0,0,0,0,0,0,0,0,0,0,0,0,0,0,0,0,0,0,0,0,0,0,0,0,0,0,0,0,0,0,0,0,0,0,0,0,0,0,0,0
ERR11865320,0,4.68,0.89,0,0.93,0,0,0,0.04,0.02,0,0,0,0,0,0,0,0,0,0,0,0,0,0,0,0,0,0,0,0,0,0,0,0,0,0,0,0,0,0,0,0,0,0,0,0,0,0,0,0,0,0,0,0,0,0,0,0,0,0,0,0,0,0,0,0
ERR11865322,0.17,1.41,1.9,0.15,0.33,0,0,0,0.32,0.01,0.01,0,0,0,0,0,0,0,0,0,0,0,0,0,0,0,0,0,0,0,0,0,0,0,0,0,0,0,0,0,0,0,0,0,0,0,0,0,0,0,0,0,0,0,0,0,0,0,0,0,0,0,0,0,0,0
ERR11865324,2.34,0.36,0,0.01,0.04,0,0.04,0,0.79,0,0,0,0.45,0,0,0,0.02,0,0,0,0,0,0,0,0,0,0,0,0,0,0,0,0,0,0,0,0,0,0,0,0,0,0,0,0,0,0,0,0,0,0,0,0,0,0,0,0,0,0,0,0,0,0,0,0,0
ERR11865326,4.45,0.14,0,0.02,0.03,0.01,0.77,0,0.44,0,0,0,0.06,0,0,0,0.04,0,0,0,0,0,0,0,0,0,0,0,0,0,0,0,0,0,0,0,0,0,0,0,0,0,0,0,0,0,0,0,0,0,0,0,0,0,0,0,0,0,0,0,0,0,0,0,0,0
ERR11865328,0.74,3.59,0.01,0.06,0.45,0,0,0,0.57,0,0.03,0,0,0,0,0,0.01,0,0,0,0,0,0,0,0,0,0,0,0,0,0,0,0,0,0,0,0,0,0,0,0,0,0,0,0,0,0,0,0,0,0,0,0,0,0,0,0,0,0,0,0,0,0,0,0,0
ERR11865330,4.96,0.26,0,0.19,0.05,0.01,0,0,0.11,0,0.01,0,0,0,0,0,0.05,0,0,0,0,0,0,0,0,0,0,0,0,0,0,0,0,0,0,0,0,0,0,0,0,0,0,0,0,0,0,0,0,0,0,0,0,0,0,0,0,0,0,0,0,0,0,0,0,0
ERR11865332,0.58,2.41,0.01,0,0.28,0,0.03,0,0.65,0,0,0,0.37,0,0,0,0.01,0,0,0,0,0,0,0,0,0,0,0,0,0,0,0,0,0,0,0,0,0,0,0,0,0,0,0,0,0,0,0,0,0,0,0,0,0,0,0,0,0,0,0,0,0,0,0,0,0
ERR11865334,4.61,0.48,0,0.02,0.08,0.01,0.16,0,0.26,0,0,0,0.07,0,0,0,0.04,0,0,0,0,0,0,0,0,0,0,0,0,0,0,0,0,0,0,0,0,0,0,0,0,0,0,0,0,0,0,0,0,0,0,0,0,0,0,0,0,0,0,0,0,0,0,0,0,0
ERR11865335,5.37,0.29,0,0.03,0.07,0.01,0.16,0,0.06,0,0,0,0,0,0,0,0.05,0,0,0,0,0,0,0,0,0,0,0,0,0,0,0,0,0,0,0,0,0,0,0,0,0,0,0,0,0,0,0,0,0,0,0,0,0,0,0,0,0,0,0,0,0,0,0,0,0
ERR11865336,0.55,4.65,0.01,0.03,1.64,0,0,0,0.27,0,0,0,0,0,0,0,0.01,0,0,0,0,0,0,0,0,0,0.02,0,0,0,0,0,0,0,0,0,0,0,0,0,0,0,0,0,0,0,0,0,0,0,0,0,0,0,0,0,0,0,0,0,0,0,0,0,0,0
ERR11865338,5.09,0.26,0,0.16,0.16,0.01,0,0,0.27,0,0,0,0,0,0,0,0.05,0,0,0,0,0,0,0,0,0,0,0,0,0,0,0,0,0,0,0,0,0,0,0,0,0,0,0,0,0,0,0,0,0,0,0,0,0,0,0,0,0,0,0,0,0,0,0,0,0
ERR11865340,0.88,2.99,0.01,0.07,0.16,0,0,0,0.86,0,0.02,0,0,0,0,0,0.01,0,0,0,0,0,0,0,0,0,0,0,0,0,0,0,0,0,0,0,0,0,0,0,0,0,0,0,0,0,0,0,0,0,0,0,0,0,0,0,0,0,0,0,0,0,0,0,0,0
ERR11865342,4.17,0.17,0,0.31,0.03,0.01,0,0,0.13,0,0,0,0,0,0,0,0.04,0,0,0,0,0,0,0,0,0,0,0,0,0,0,0,0,0,0,0,0,0,0,0,0,0,0,0,0,0,0,0,0,0,0,0,0,0,0,0,0,0,0,0,0,0,0,0,0,0
ERR11865344,0.05,0.08,0,0.02,0.07,2.88,0,0,0.1,0,0.01,0,0,0,0,0,0,0,0,0,0,0,0,0,0,0,0,0,0,0,0,0,0,0,0,0,0,0,0,0,0,0,0,0,0,0,0,0,0,0,0,0,0,0,0,0,0,0,0,0,0,0,0,0,0,0
ERR11865346,2.38,0,0,0.52,0.01,0.55,0.01,0,0.18,0,0.01,0,0,0,0,0,0.02,0,0,0,0,0,0,0,0,0,0,0,0,0,0,0,0,0,0,0,0,0,0,0,0,0,0,0,0,0,0,0,0,0,0,0,0,0,0,0,0,0,0,0,0,0,0,0,0,0
ERR11865348,2.35,0.02,0,0.42,0.07,0,0,0,0.03,0,0.03,0,0,0,0,0,0,0,0,0,0,0.01,0,0,0,0,0,0,0,0,0,0,0,0,0,0,0,0,0,0,0,0,0,0,0,0,0,0,0,0,0,0,0,0,0,0,0,0,0,0,0,0,0,0,0,0
ERR11865350,2.66,0.02,0,0.79,0.08,0.02,0,0,0.02,0,0,0,0,0,0,0,0,0,0,0,0,0.01,0,0,0,0,0,0,0,0,0,0,0,0,0,0,0,0,0,0,0,0,0,0,0,0,0,0,0,0,0,0,0,0,0,0,0,0,0,0,0,0,0,0,0,0
ERR11865352,0.02,0,0,0.94,0.02,0.07,0,0,0.01,0,0.02,0,0,0,0,0,0.04,0,0,0,0,0,0,0,0,0,0,0,0,0,0,0,0,0,0,0,0,0,0,0,0,0,0,0,0,0,0,0,0,0,0,0,0,0,0,0,0,0,0,0,0,0,0,0,0,0
ERR11865354,0.02,0,0,0.98,0,0.08,0,0,0.02,0,0,0,0,0,0,0,0.04,0,0,0,0,0,0,0,0,0,0,0,0,0,0,0,0,0,0,0,0,0,0,0,0,0,0,0,0,0,0,0,0,0,0,0,0,0,0,0,0,0,0,0,0,0,0,0,0,0
ERR11865356,4.35,0.11,0,0.41,0.39,0,0,0,0.01,0,0,0,0,0,0,0,0,0,0,0,0,0,0,0,0,0,0,0,0,0,0,0,0,0,0,0,0,0,0,0,0,0,0,0,0,0,0,0,0,0,0,0,0,0,0,0,0,0,0,0,0,0,0,0,0,0
ERR11865358,2.94,0.16,0,0.53,0.43,0,0,0,0.01,0,0,0,0,0,0,0,0,0,0,0,0,0,0,0,0,0,0,0,0,0,0,0,0,0,0,0,0,0,0,0,0,0,0,0,0,0,0,0,0,0,0,0,0,0,0,0,0,0,0,0,0,0,0,0,0,0
ERR11865359,1.56,0.38,0,0.72,0.42,0,0,0,0,0,0,0,0,0,0,0,0,0,0,0,0,0,0,0,0,0,0,0,0,0,0,0,0,0,0,0,0,0,0,0,0,0,0,0,0,0,0,0,0,0,0,0,0,0,0,0,0,0,0,0,0,0,0,0,0,0
ERR11865360,0,0.06,1.6,0.51,0.03,0,0,0,0,0,0,0.21,0,0,0,0,0,0,0,0,0,0,0,0,0,0,0,0,0,0,0,0,0,0,0,0,0,0,0,0,0,0,0,0,0,0,0,0,0,0,0,0,0,0,0,0,0,0,0,0,0,0,0,0,0,0
ERR11865362,0,0.03,0.73,0.76,0.02,0,0,0,0,0.02,0.01,0.18,0,0,0,0,0,0,0,0,0,0.02,0,0,0,0,0,0,0,0,0,0,0,0,0,0,0,0,0,0,0,0,0,0,0,0,0,0,0,0,0,0,0,0,0,0,0,0,0,0,0,0,0,0,0,0
ERR11865364,0.66,0.16,0,0.1,0.01,0,0,0,1.02,0,0.05,0,0,0,0,0,0,0,0,0,0,0,0,0,0,0,0,0,0,0,0,0,0,0,0,0,0,0,0,0,0,0,0,0,0,0,0,0,0,0,0,0,0,0,0,0,0,0,0,0,0,0,0,0,0,0
ERR11865367,1.77,0.01,0,0.55,0,0,0,0,0.14,0,0,0,0,0,0,0,0,0,0,0,0,0,0,0,0,0,0,0,0,0,0,0,0,0,0,0,0,0,0,0,0,0,0,0,0,0,0,0,0,0,0,0,0,0,0,0,0,0,0,0,0,0,0,0,0,0
ERR11865369,6.94,0,0,0.11,0,0,0,0,0.05,0,0.08,0,0,0,0,0,0.01,0,0,0,0,0,0,0,0,0,0,0,0,0,0,0,0,0,0,0,0,0,0,0,0,0,0,0,0,0,0,0,0,0,0,0,0,0,0,0,0,0,0,0,0,0,0,0,0,0
ERR11865371,6.16,0,0,0.08,0,0.01,0,0,0.03,0,0.04,0,0,0,0,0,0,0,0,0,0,0,0,0,0,0,0,0,0,0,0,0,0,0,0,0,0,0,0,0,0,0,0,0,0,0,0,0,0,0,0,0,0,0,0,0,0,0,0,0,0,0,0,0,0,0
ERR11865373,0,0.01,0.14,1.09,0,0,0,0,0,0,0,0.07,0,0,0,0,0,0,0,0,0,0,0,0,0,0,0,0,0,0,0,0,0,0,0,0,0,0,0,0,0,0,0,0,0,0,0,0,0,0,0,0,0,0,0,0,0,0,0,0,0,0,0,0,0,0
ERR11865375,0,0.02,0.57,0.84,0,0,0,0,0,0.05,0,0.18,0,0,0,0,0,0,0,0.03,0,0,0,0,0,0,0,0,0,0,0,0,0,0,0,0,0,0,0,0,0,0,0,0,0,0,0,0,0,0,0,0,0,0,0,0,0,0,0,0,0,0,0,0,0,0
ERR11865377,0,0.2,3,0.05,0.19,0,0,0,0,0.01,0,0.12,0,0,0,0,0,0,0,0,0,0,0,0,0,0.01,0,0,0,0,0,0,0,0,0,0,0,0,0,0,0,0,0,0,0,0,0,0,0,0,0,0,0,0,0,0,0,0,0,0,0,0,0,0,0,0
ERR11865379,0,0.12,2.58,0.23,0.05,0,0,0,0,0.02,0,0.17,0,0,0,0,0,0,0,0,0,0,0,0,0,0,0,0,0,0,0,0,0,0,0,0,0,0,0,0,0,0,0,0,0,0,0,0,0,0,0,0,0,0,0,0,0,0,0,0,0,0,0,0,0,0
ERR11865381,0,0.51,3.67,0.06,0.11,0,0,0,0,0.11,0,0.01,0,0,0,0,0,0,0,0,0,0,0,0,0,0,0,0,0,0,0,0,0,0,0,0,0,0,0,0,0,0,0,0,0,0,0,0,0,0,0,0,0,0,0,0,0,0,0,0,0,0,0,0,0,0
ERR11865383,0,0.15,2.04,0.25,0.05,0,0,0,0,0.11,0,0.03,0,0,0,0,0,0,0,0,0,0.01,0,0,0,0,0,0,0,0,0,0,0,0,0,0,0,0,0,0,0,0,0,0,0,0,0,0,0,0,0,0,0,0,0,0,0,0,0,0,0,0,0,0,0,0
ERR11865385,1.72,0.08,0,0.49,0.01,0.16,0,0,0,0,0,0,0,0,0,0,0,0,0,0,0,0,0,0,0,0,0,0,0,0,0,0,0,0,0,0,0,0,0,0,0,0,0,0,0,0,0,0,0,0,0,0,0,0,0,0,0,0,0,0,0,0,0,0,0,0
ERR11865387,0.18,0.03,0,0.68,0.01,0.15,0,0,0,0,0,0,0,0,0,0,0,0,0,0,0,0,0,0,0,0,0,0,0,0,0,0,0,0,0,0,0,0,0,0,0,0,0,0,0,0,0,0,0,0,0,0,0,0,0,0,0,0,0,0,0,0,0,0,0,0
ERR11865389,0,0.12,3.36,0,0.33,0,0,0,0,0,0,0,0,0,0,0,0,0,0,0,0,0,0,0,0,0,0,0,0,0,0,0,0,0,0,0,0,0,0,0,0,0,0,0,0,0,0,0,0,0,0,0,0,0,0,0,0,0,0,0,0,0,0,0,0,0
ERR11865391,0,0.1,2.7,0.17,0.2,0,0,0,0,0.01,0,0.01,0,0,0,0,0,0,0,0,0,0,0,0,0,0,0,0,0,0,0,0,0,0,0,0,0,0,0,0,0,0,0,0,0,0,0,0,0,0,0,0,0,0,0,0,0,0,0,0,0,0,0,0,0,0
ERR11865393,0.42,0.04,0,0.9,0.18,0,0,0,0,0,0,0,0,0,0,0,0,0,0,0,0,0,0,0,0,0,0,0,0,0,0,0,0,0,0,0,0,0,0,0,0,0,0,0,0,0,0,0,0,0,0,0,0,0,0,0,0,0,0,0,0,0,0,0,0,0
ERR11865395,0.36,0.23,0,0.83,0.41,0,0,0,0,0.01,0,0,0,0,0,0,0,0,0,0,0,0,0,0,0,0,0,0,0,0,0,0,0,0,0,0,0,0,0,0,0,0,0,0,0,0,0,0,0,0,0,0,0,0,0,0,0,0,0,0,0,0,0,0,0,0
ERR11865397,0.29,0.01,0,0.67,0.23,0.49,0,0,0,0,0,0,0,0,0,0,0,0,0,0,0,0,0,0,0,0,0,0,0,0,0,0,0,0,0,0,0,0,0,0,0,0,0,0,0,0,0,0,0,0,0,0,0,0,0,0,0,0,0,0,0,0,0,0,0,0
ERR11865399,0.12,0,0,1.09,0.03,0.12,0,0,0,0,0,0,0,0,0,0,0,0,0,0,0,0,0,0,0,0,0,0,0,0,0,0,0,0,0,0,0,0,0,0,0,0,0,0,0,0,0,0,0,0,0,0,0,0,0,0,0,0,0,0,0,0,0,0,0,0
ERR11865401,0.01,0.03,0,1.09,0.52,0,0,0,0,0,0,0,0,0,0,0,0,0,0,0,0,0,0,0,0,0.04,0,0,0,0,0,0,0,0,0,0,0,0,0,0,0,0,0,0,0,0,0,0,0,0,0,0,0,0,0,0,0,0,0,0,0,0,0,0,0,0
ERR11865403,0.01,0.22,0,0.91,0.87,0,0,0,0,0.01,0,0,0,0,0,0,0,0,0,0,0,0,0,0,0,0.03,0,0,0,0,0,0,0,0,0,0,0,0,0,0,0,0,0,0,0,0,0,0,0,0,0,0,0,0,0,0,0,0,0,0,0,0,0,0,0,0
ERR11865405,5.14,1.14,0.27,0.03,0.08,0.01,0,0,0,0,0.03,0,0,0,0,0,0.04,0,0,0,0,0,0,0,0,0.01,0,0,0,0,0,0,0,0,0,0,0,0,0,0,0,0,0,0,0,0,0,0,0,0,0,0,0,0,0,0,0,0,0,0,0,0,0,0,0,0
ERR11865407,7.26,0.69,0.58,0.07,0.08,0.02,0,0,0,0,0.03,0,0,0,0,0,0.06,0,0,0,0,0,0,0,0,0,0,0,0,0,0,0,0,0,0,0,0,0,0,0,0,0,0,0,0,0,0,0,0,0,0,0,0,0,0,0,0,0,0,0,0,0,0,0,0,0
ERR11865409,0.01,0.02,0,1.41,0.03,0,0,0,0,0,0.01,0,0,0,0,0,0,0,0,0,0,0,0,0,0,0,0,0,0,0,0,0,0,0,0,0,0,0,0,0,0,0,0,0,0,0,0,0,0,0,0,0,0,0,0,0,0,0,0,0,0,0,0,0,0,0
ERR11865411,0.01,0.12,0,1.16,0.13,0.38,0,0,0,0,0,0,0,0,0,0,0.01,0,0,0,0,0,0,0,0,0,0,0,0,0,0,0,0,0,0,0,0,0,0,0,0,0,0,0,0,0,0,0,0,0,0,0,0,0,0,0,0,0,0,0,0,0,0,0,0,0
ERR11865413,2.42,2.11,0.01,0.01,0.29,0.01,0.09,0,0.92,0,0,0,0.44,0,0,0,0.01,0,0,0,0,0,0,0,0,0,0,0,0,0,0,0,0,0,0,0,0,0,0,0,0,0,0,0,0,0,0,0,0,0,0,0,0,0,0,0,0,0,0,0,0,0,0,0,0,0
ERR11865415,3.09,3.41,0.01,0.02,0.35,0.01,0.25,0,0.34,0,0,0,0.04,0,0,0,0.02,0,0,0,0,0,0,0,0,0,0,0,0,0,0,0,0,0,0,0,0,0,0,0,0,0,0,0,0,0,0,0,0,0,0,0,0,0,0,0,0,0,0,0,0,0,0,0,0,0
ERR11865417,0,0.19,3.01,0.14,0.11,0,0,0,0,0,0,1.66,0,0,0,0,0,0,0,0,0,0,0,0,0,0,0,0,0,0,0,0,0,0,0,0,0,0,0,0,0,0,0,0,0,0,0,0,0,0,0,0,0,0,0,0,0,0,0,0,0,0,0,0,0,0
ERR11865419,0.02,0.11,1.9,0.52,0.07,0,0,0,0,0.01,0,0.68,0,0,0,0,0,0,0,0,0,0.01,0,0,0,0,0,0,0,0,0,0,0,0,0,0,0,0,0,0,0,0,0,0,0,0,0,0,0,0,0,0,0,0,0,0,0,0,0,0,0,0,0,0,0,0
ERR11865421,0.01,0,0,1.08,0,0,0,0,0,0,0,0,0,0,0,0,0,0,0,0,0,0,0,0,0,0,0,0,0,0,0,0,0,0,0,0,0,0,0,0,0,0,0,0,0,0,0,0,0,0,0,0,0,0,0,0,0,0,0,0,0,0,0,0,0,0
ERR11865423,0.01,0,0,1.2,0,0,0,0,0,0,0,0,0,0,0,0,0,0,0,0,0,0,0,0,0,0,0,0,0,0,0,0,0,0,0,0,0,0,0,0,0,0,0,0,0,0,0,0,0,0,0,0,0,0,0,0,0,0,0,0,0,0,0,0,0,0
ERR11865425,0,0.11,1.84,0.67,0.05,0,0,0,0,0,0,0.02,0,0,0,0,0,0,0,0,0,0,0,0,0,0,0,0,0,0,0,0,0,0,0,0,0,0,0,0,0,0,0,0,0,0,0,0,0,0,0,0,0,0,0,0,0,0,0,0,0,0,0,0,0,0
ERR11865427,0,0.14,2.48,0.62,0.08,0,0,0,0,0,0,0.03,0,0,0,0,0,0,0,0,0,0,0,0,0,0,0,0,0,0,0,0,0,0,0,0,0,0,0,0,0,0,0,0,0,0,0,0,0,0,0,0,0,0,0,0,0,0,0,0,0,0,0,0,0,0
ERR11865429,0.19,0,0,1.01,0,0,0,0,0,0,0,0,0,0,0,0,0,0,0,0,0,0,0,0,0,0,0,0,0,0,0,0,0,0,0,0,0,0,0,0,0,0,0,0,0,0,0,0,0,0,0,0,0,0,0,0,0,0,0,0,0,0,0,0,0,0
ERR11865431,0.18,0,0,1.38,0,0,0,0,0,0.03,0,0,0,0,0,0,0.01,0,0,0,0,0,0,0,0,0,0,0,0,0,0,0,0,0,0,0,0,0,0,0,0,0,0,0,0,0,0,0,0,0,0,0,0,0,0,0,0,0,0,0,0,0,0,0,0,0
ERR11865433,0,0.29,3.38,0.04,0.21,0,0,0,0,0.17,0,0,0,0,0,0,0,0,0,0,0,0,0,0,0,0,0,0,0,0,0,0,0,0,0,0,0,0,0,0,0,0,0,0,0,0,0,0,0,0,0,0,0,0,0,0,0,0,0,0,0,0,0,0,0,0
ERR11865435,0.01,0.16,2.18,0.45,0.09,0,0,0,0,0.13,0,0,0,0,0,0,0,0,0,0,0,0,0,0,0,0,0,0,0,0,0,0,0,0,0,0,0,0,0,0,0,0,0,0,0,0,0,0,0,0,0,0,0,0,0,0,0,0,0,0,0,0,0,0,0,0
ERR11865437,0.47,3.35,0.01,0.04,0.34,0,0,0,0.58,0,0,0,0,0,0,0,0,0,0,0,0,0,0,0,0,0,0,0,0,0,0,0,0,0,0,0,0,0,0,0,0,0,0,0,0,0,0,0,0,0,0,0,0,0,0,0,0,0,0,0,0,0,0,0,0,0
ERR11865439,3.86,0.91,0,0.21,0.15,0.01,0,0,0.23,0,0,0,0,0,0,0,0.04,0,0,0,0,0,0,0,0,0,0,0,0,0,0,0,0,0,0,0,0,0,0,0,0,0,0,0,0,0,0,0,0,0,0,0,0,0,0,0,0,0,0,0,0,0,0,0,0,0
ERR11865441,4.81,0,0,0.13,0.04,0.02,0,0,0,0,0.01,0,0,0,0,0,0.01,0,0,0,0,0,0,0,0,0,0,0,0,0,0,0,0,0,0,0,0,0,0,0,0,0,0,0,0,0,0,0,0,0,0,0,0,0,0,0,0,0,0,0,0,0,0,0,0,0
ERR11865443,0.13,0,0,0.97,0.06,0.13,0,0,0,0,0,0,0,0,0,0,0,0,0,0,0,0,0,0,0,0,0,0,0,0,0,0,0,0,0,0,0,0,0,0,0,0,0,0,0,0,0,0,0,0,0,0,0,0,0,0,0,0,0,0,0,0,0,0,0,0
ERR11865445,0,0.07,1.57,0.14,0.1,0,0,0,0,1.92,0.01,0.56,0,0,0,0,0,0,0,0,0,0,0,0,0,0,0,0,0,0,0,0,0,0,0,0,0,0,0,0,0,0,0,0,0,0,0,0,0,0,0,0,0,0,0,0,0,0,0,0,0,0,0,0,0,0
ERR11865447,0,0.01,0.19,0.15,0.01,0,0,0,0,4.05,0.01,0.13,0,0,0,0,0,0,0,0,0,0.01,0,0,0,0,0,0,0,0,0,0,0,0,0,0,0,0,0,0,0,0,0,0,0,0,0,0,0,0,0,0,0,0,0,0,0,0,0,0,0,0,0,0,0,0
ERR11865449,5.24,0.07,0.55,0.07,0.06,0.03,0.05,0,0.01,0,0,0,0,0,0,0,0.01,0,0,0,0,0,0,0,0,0.03,0,0,0,0,0,0,0,0,0,0,0,0,0,0,0,0,0,0,0,0,0,0,0,0,0,0,0,0,0,0,0,0,0,0,0,0,0,0,0,0
ERR11865451,3.29,0.1,1.11,0.05,0.13,0.12,0.17,0,0,0,0.01,0,0,0,0,0,0.01,0,0,0,0,0.01,0,0,0,0.08,0,0,0,0,0,0,0,0,0,0,0,0,0,0,0,0,0,0,0,0,0,0,0,0,0,0,0,0,0,0,0,0,0,0,0,0,0,0,0,0
ERR11865453,3.45,0.36,0.59,0.13,0.35,0.01,0,0,0,0,0,0,0,0,0,0,0.04,0,0,0,0,0,0,0,0,0,0,0,0,0,0,0,0,0,0,0,0,0,0,0,0,0,0,0,0,0,0,0,0,0,0,0,0,0,0,0,0,0,0,0,0,0,0,0,0,0
ERR11865455,3.14,0.21,0.68,0.18,0.16,0.01,0,0,0,0.04,0,0,0,0,0,0,0.03,0,0,0,0,0,0,0,0,0,0,0,0,0,0,0,0,0,0,0,0,0,0,0,0,0,0,0,0,0,0,0,0,0,0,0,0,0,0,0,0,0,0,0,0,0,0,0,0,0
ERR11865457,0,0.11,2.7,0.11,0,0,0,0,0,0.44,0,0.17,0,0,0,0,0,0,0,0,0,0.01,0,0,0,0,0,0,0,0,0,0,0,0,0,0,0,0,0,0,0,0,0,0,0,0,0,0,0,0,0,0,0,0,0,0,0,0,0,0,0,0,0,0,0,0
ERR11865459,0.01,0.02,0.45,0.63,0,0,0,0,0,0.14,0,0.89,0,0,0,0,0,0,0,0,0,0,0,0,0,0,0,0,0,0,0,0,0,0,0,0,0,0,0,0,0,0,0,0,0,0,0,0,0,0,0,0,0,0,0,0,0,0,0,0,0,0,0,0,0,0
ERR11865461,5.37,0.29,0.03,0.13,0.05,0.04,0,0,0.02,0,0.04,0,0,0,0,0,0.01,0,0,0,0,0,0,0,0,0,0,0,0,0,0,0,0,0,0,0,0,0,0,0,0,0,0,0,0,0,0,0,0,0,0,0,0,0,0,0,0,0,0,0,0,0,0,0,0,0
ERR11865463,4.89,0.21,0.05,0.1,0.11,0.07,0,0,0,0.01,0.03,0,0,0,0,0,0,0,0,0,0,0,0,0,0,0,0,0,0,0,0,0,0,0,0,0,0,0,0,0,0,0,0,0,0,0,0,0,0,0,0,0,0,0,0,0,0,0,0,0,0,0,0,0,0,0
ERR11865465,0.02,0.07,0,1,0.01,0.09,0,0,0,0,0,0,0,0,0,0,0,0,0,0,0,0,0,0,0,0,0,0,0,0,0,0,0,0,0,0,0,0,0,0,0,0,0,0,0,0,0,0,0,0,0,0,0,0,0,0,0,0,0,0,0,0,0,0,0,0
ERR11865467,0.02,0.82,0,0.9,0.06,0.06,0,0,0,0,0,0,0,0,0,0,0,0,0,0,0,0,0,0,0,0,0,0,0,0,0,0,0,0,0,0,0,0,0,0,0,0,0,0,0,0,0,0,0,0,0,0,0,0,0,0,0,0,0,0,0,0,0,0,0,0
ERR11865469,0.86,2.79,0.01,0.01,0.48,0,0.01,0,0.01,0,0,0,0,0,0,0,0,0,0,0,0,0,0,0,0,0,0.01,0,0,0,0,0,0,0,0,0,0,0,0,0,0,0,0,0,0,0,0,0,0,0,0,0,0,0,0,0,0,0,0,0,0,0,0,0,0,0
ERR11865471,4.94,1.26,0.01,0.04,0.19,0,0.01,0,0.05,0,0,0,0,0,0,0,0.02,0,0,0,0,0,0,0,0,0,0,0,0,0,0,0,0,0,0,0,0,0,0,0,0,0,0,0,0,0,0,0,0,0,0,0,0,0,0,0,0,0,0,0,0,0,0,0,0,0
ERR11865473,0,0.06,1.59,0.44,0.14,0,0,0,0,0,0,0.08,0,0,0,0,0,0,0,0,0,0,0,0,0,0,0,0,0,0,0,0,0,0,0,0,0,0,0,0,0,0,0,0,0,0,0,0,0,0,0,0,0,0,0,0,0,0,0,0,0,0,0,0,0,0
ERR11865475,0,0.06,1.45,0.56,0.04,0.01,0,0,0,0.01,0,0.05,0,0,0,0,0,0,0,0,0,0,0,0,0,0,0,0,0,0,0,0,0,0,0,0,0,0,0,0,0,0,0,0,0,0,0,0,0,0,0,0,0,0,0,0,0,0,0,0,0,0,0,0,0,0
ERR11865477,0.01,0,0,0.88,0,0,0,0,0,0,0,0,0,0,0,0,0,0,0,0,0,0,0,0,0,0,0,0,0,0,0,0,0,0,0,0,0,0,0,0,0,0,0,0,0,0,0,0,0,0,0,0,0,0,0,0,0,0,0,0,0,0,0,0,0,0
ERR11865479,0.02,0,0,1.57,0,0,0,0,0,0,0,0,0,0,0,0,0.01,0,0,0,0,0,0,0,0,0,0,0,0,0,0,0,0,0,0,0,0,0,0,0,0,0,0,0,0,0,0,0,0,0,0,0,0,0,0,0,0,0,0,0,0,0,0,0,0,0
ERR11865481,4.87,0.02,0,0.12,0.03,0,0,0,0.02,0,0,0,0,0,0,0,0.06,0,0,0,0,0,0,0,0,0,0,0,0,0,0,0,0,0,0,0,0,0,0,0,0,0,0,0,0,0,0,0,0,0,0,0,0,0,0,0,0,0,0,0,0,0,0,0,0,0
ERR11865483,4.01,0.04,0,0.23,0.04,0.01,0,0,0.01,0,0.01,0,0,0,0,0,0.04,0,0,0,0,0.01,0,0,0,0,0,0,0,0,0,0,0,0,0,0,0,0,0,0,0,0,0,0,0,0,0,0,0,0,0,0,0,0,0,0,0,0,0,0,0,0,0,0,0,0
ERR11865485,5.8,0.02,0,0.05,0.11,0.04,0,0,0.02,0,0.06,0,0,0,0,0,0,0,0,0,0,0,0,0,0,0.01,0,0,0,0,0,0,0,0,0,0,0,0,0,0,0,0,0,0,0,0,0,0,0,0,0,0,0,0,0,0,0,0,0,0,0,0,0,0,0,0
ERR11865487,4.04,0.27,0,0.04,0.36,0.14,0,0,0,0.01,0.05,0,0,0,0,0,0,0,0,0,0,0.01,0,0,0,0.03,0,0,0,0,0,0,0,0,0,0,0,0,0,0,0,0,0,0,0,0,0,0,0,0,0,0,0,0,0,0,0,0,0,0,0,0,0,0,0,0
ERR11865489,0.1,0.02,0,0.84,0,0,0,0,0,0,0,0,0,0,0,0,0,0,0,0,0,0,0,0,0,0,0,0,0,0,0,0,0,0,0,0,0,0,0,0,0,0,0,0,0,0,0,0,0,0,0,0,0,0,0,0,0,0,0,0,0,0,0,0,0,0
ERR11865491,0.09,0.04,0,0.94,0,0,0,0,0,0,0,0,0,0,0,0,0,0,0,0,0,0,0,0,0,0,0,0,0,0,0,0,0,0,0,0,0,0,0,0,0,0,0,0,0,0,0,0,0,0,0,0,0,0,0,0,0,0,0,0,0,0,0,0,0,0
ERR11865493,0,0.13,2.49,0.26,0.14,0.01,0,0,0,0,0,0,0,0,0,0,0,0,0,0,0,0,0,0,0,0,0,0,0,0,0,0,0,0,0,0,0,0,0,0,0,0,0,0,0,0,0,0,0,0,0,0,0,0,0,0,0,0,0,0,0,0,0,0,0,0
ERR11865495,0.01,0.03,0.63,0.64,0.03,0.14,0,0,0,0,0,0,0,0,0,0,0,0,0,0,0,0,0,0,0,0,0,0,0,0,0,0,0,0,0,0,0,0,0,0,0,0,0,0,0,0,0,0,0,0,0,0,0,0,0,0,0,0,0,0,0,0,0,0,0,0
ERR11865497,0.89,0,0,0.79,0,0.04,0.01,0,0,0,0,0,0,0,0,0,0.01,0,0,0,0,0,0,0,0,0,0,0,0,0,0,0,0,0,0,0,0,0,0,0,0,0,0,0,0,0,0,0,0,0,0,0,0,0,0,0,0,0,0,0,0,0,0,0,0,0
ERR11865499,0.5,0,0,0.79,0,0.11,0,0,0,0,0,0,0,0,0,0,0,0,0,0,0,0,0,0,0,0,0,0,0,0,0,0,0,0,0,0,0,0,0,0,0,0,0,0,0,0,0,0,0,0,0,0,0,0,0,0,0,0,0,0,0,0,0,0,0,0
ERR11865501,0.02,0.9,0,0.38,2.15,0,0,0,0,0.02,0.01,0,0,0,0,0,0,0,0,0,0,0,0,0,0,0.42,0,0,0,0,0,0,0,0,0,0,0,0.24,0,0,0,0,0,0,0,0,0,0,0,0,0,0,0,0,0,0,0,0,0,0,0,0,0,0,0,0
ERR11865503,0.02,0.74,0,0.63,0.87,0,0,0,0,0.04,0,0,0,0,0,0,0,0,0,0,0,0,0,0,0,0.05,0,0,0,0,0,0,0,0,0,0,0,0.09,0,0,0,0,0,0,0,0,0,0,0,0,0,0,0,0,0,0,0,0,0,0,0,0,0,0,0,0
ERR11865508,0.01,0.01,0.17,0.76,0.01,0.12,0,0,0,0.01,0,0,0,0,0,0,0,0,0,0,0,0,0,0,0,0,0,0,0,0,0,0,0,0,0,0,0,0,0,0,0,0,0,0,0,0,0,0,0,0,0,0,0,0,0,0,0,0,0,0,0,0,0,0,0,0
ERR11865509,0.04,2.72,0.02,0,0.38,0.73,0,0,0,0,0,0,0,0,0,0,0,0,0,0,0,0,0,0,0,0,0,0,0,0,0,0,0,0,0,0,0,0,0,0,0,0,0,0,0,0,0,0,0,0,0,0,0,0,0,0,0,0,0,0,0,0,0,0,0,0
ERR11865511,0.86,3.51,0.01,0.01,0.24,0.38,0,0,0,0,0,0,0,0,0,0,0,0,0,0,0,0,0,0,0,0,0,0,0,0,0,0,0,0,0,0,0,0,0,0,0,0,0,0,0,0,0,0,0,0,0,0,0,0,0,0,0,0,0,0,0,0,0,0,0,0
ERR11865538,0.1,3.24,0.02,0.26,2.87,0,0.01,0,0,0,0,0,0.01,0,0,0,0,0,0,0.01,0,0,0,0,0,0,0.08,0,0,0,0,0,0,0,0,0,0,0,0,0,0,0,0,0,0,0,0,0,0,0,0,0,0,0,0,0,0,0,0,0,0,0,0,0,0,0
ERR11865540,0,0.02,0,0.8,0.01,0.03,0,0.01,0,0.01,0,0,0,0,0,0,0,0,0,0,0,0,0,0,0,0,0,0,0,0,0,0,0,0,0,0,0,0,0,0,0,0,0,0,0,0,0,0,0,0,0,0,0,0,0,0,0,0,0,0,0,0,0,0,0,0
ERR11865542,0,0.77,0,0.25,0.35,0.01,0,2.54,0,0.08,0.09,0,0,0,0,0,0,0,0.12,0.05,0,0,0,0,0,0,0,0,0,0,0,0,0,0,0,0,0,0,0,0,0,0,0,0,0,0,0,0,0,0,0,0,0,0,0,0,0,0,0,0,0,0,0,0,0,0
ERR11865544,0,0.05,0,1.01,0.03,0,0,0.02,0,0.01,0,0,0,0,0,0,0,0,0,0.08,0,0,0,0,0,0,0,0,0,0,0,0,0,0,0,0,0,0,0,0,0,0,0,0,0,0,0,0,0,0,0,0,0,0,0,0,0,0,0,0,0,0,0,0,0,0
ERR11865546,0.04,2.19,0.01,0.57,0.94,0,0.04,0,0,0.04,0,0,0.01,0,0,0,0,0,0,0.03,0,0,0,0,0,0,0.24,0,0,0,0,0,0,0,0,0,0,0,0,0,0,0,0,0,0,0,0,0,0,0,0,0,0,0,0,0,0,0,0,0,0,0,0,0,0,0
ERR11865548,0.03,0.19,0,0.83,0.1,0,0.06,0,0,0.01,0,0,0,0,0,0,0,0,0,0.08,0,0,0,0,0,0,0.05,0,0,0,0,0,0,0,0,0,0,0,0,0,0,0,0,0,0,0,0,0,0,0,0,0,0,0,0,0,0,0,0,0,0,0,0,0,0,0
ERR11865552,0.08,0.12,0,0.89,0.06,0,0,0,0,0,0,0,0,0,0,0,0,0,0,0.02,0,0,0,0,0,0,0,0,0,0,0,0,0,0,0,0,0,0,0,0,0,0,0,0,0,0,0,0,0,0,0,0,0,0,0,0,0,0,0,0,0,0,0,0,0,0
ERR11865554,0.02,1.94,0.01,0.52,0.85,0.01,0.01,0,0,0.06,0,0,0.01,0,0,0,0,0,0,0.09,0,0,0,0,0,0,0.12,0,0,0,0,0,0,0,0,0,0,0,0,0,0,0,0,0,0,0,0,0,0,0,0,0,0,0,0,0,0,0,0,0,0,0,0,0,0,0
ERR11865556,0,0.05,0,0.94,0.02,0.01,0,0,0,0,0,0,0,0,0,0,0,0,0,0.06,0,0,0,0,0,0,0,0,0,0,0,0,0,0,0,0,0,0,0,0,0,0,0,0,0,0,0,0,0,0,0,0,0,0,0,0,0,0,0,0,0,0,0,0,0,0
ERR11865558,0,0.06,0,0.89,0.03,0,0,0.19,0,0,0,0,0,0,0,0,0,0,0.01,0,0,0,0,0,0,0,0,0,0,0,0,0,0,0,0,0,0,0,0,0,0,0,0,0,0,0,0,0,0,0,0,0,0,0,0,0,0,0,0,0,0,0,0,0,0,0
ERR11865560,0,0.02,0,0.87,0.01,0,0,0.01,0,0.01,0,0,0,0,0,0,0,0,0,0,0,0,0,0,0,0,0,0,0,0,0,0,0,0,0,0,0,0,0,0,0,0,0,0,0,0,0,0,0,0,0,0,0,0,0,0,0,0,0,0,0,0,0,0,0,0
ERR14783384,0,0.82,0.07,0,0.39,0,0.19,0,0.23,0,0.04,0,0,0,0,0,0,0,0,0,0,0,0,0,0,0,0,0,0,0,0,0,0,0,0,0,0,0,0,0,0,0,0,0,0,0,0,0,0,0,0,0,0,0,0,0,0,0,0,0,0,0,0,0,0,0
ERR14783386,0,0.13,0.05,0,0.48,0,3.61,0,0.65,0,0.01,0,0,0,0,0,0,0,0,0,0,0,0,0,0,0,0,0,0,0,0,0,0,0,0,0,0,0,0,0,0,0,0,0,0,0,0,0,0,0,0,0,0,0,0,0,0,0,0,0,0,0,0,0,0,0
ERR14783390,0,0.15,0.13,0,0.33,0,0,0,0,0,0.06,0,0,0,0,0,0,0,0,0,0,0,0,0,0,0,0,0,0,0,0,0,0,0,0,0,0,0,0,0,0,0,0,0,0,0,0,0,0,0,0,0,0,0,0,0,0,0,0.02,0,0,0,0,0,0,0
ERR14783391,0,0.28,0.14,0,0.25,0,0,0,0,0,0.04,0,0,0,0,0,0,0,0,0,0,0,0,0,0,0,0,0,0,0,0,0,0,0,0,0,0,0,0,0,0,0,0,0,0,0,0,0,0,0,0,0,0,0,0,0,0,0,0.01,0,0,0,0.01,0,0,0
ERR14783392,0,6.11,0.14,0,0.43,0,0,0,0,0,0.02,0,0,0,0,0,0,0,0,0,0,0,0,0,0,0,0,0,0,0,0,0,0,0,0,0,0,0,0,0,0,0,0,0,0,0,0,0,0,0,0,0,0,0,0,0,0,0,0,0,0,0,0,0,0,0
ERR14783399,6.49,0.55,0.06,0.07,0.11,0.09,0,0,0,0.07,0.01,0,0,0,0,0,0,0,0,0,0,0.07,0,0,0,0,0,0,0,0,0,0,0,0,0,0,0,0,0,0,0,0,0,0,0,0,0,0,0,0,0,0,0,0,0,0,0,0,0,0,0,0,0,0,0,0
ERR14783400,0.24,1.64,0.86,0,0.34,0.04,0,0,0,0.02,0,0,0,0,0,0,0,0.06,0,0,0,0.01,0,0,0,0,0,0,0,0,0,0,0,0,0,0,0,0,0,0,0,0,0,0,0,0,0,0,0,0,0,0,0,0,0,0,0,0,0,0,0,0,0,0,0,0
ERR14783401,5.35,0.66,0.02,0.06,0.22,0.07,0,0,0,0.02,0.05,0,0,0,0,0,0,0,0.23,0,0,0.01,0,0,0,0,0,0,0,0,0,0,0,0,0,0,0,0,0,0,0,0,0,0,0,0,0,0,0,0,0,0,0,0,0,0,0,0,0,0,0,0,0,0,0,0
ERR14783402,0,0.32,0.06,0,3.64,0.11,0,0,0,0.05,0.13,0,0,0,0,0,0,0,0,0,0,0,0,0,0,0,0,0,0.03,0,0.06,0,0,0,0,0,0,0,0,0,0,0,0,0,0,0,0,0,0,0,0,0,0,0,0,0,0,0,0,0,0,0,0,0,0,0
ERR14783408,0,0.84,0.36,0,0.34,0.65,0.13,0,0,0.02,0.04,0,0,0,0,0,0,0,0,0,0.31,0,0,0,0,0,0,0,0,0,0,0,0,0.09,0,0,0,0,0,0,0,0,0.02,0,0,0,0,0,0,0,0,0,0,0,0,0,0,0,0,0,0,0,0,0,0,0
ERR14783409,0,0.42,2.34,0,0.07,1.19,0.01,0,0,0.19,0.01,0,0,0,0,0,0,0,0,0,0.02,0,0,0,0,0,0,0,0,0,0,0,0,0.01,0,0,0,0,0,0,0,0,0,0,0,0,0,0,0,0,0,0,0,0,0,0,0,0,0,0,0,0,0,0,0,0
ERR14783410,2.24,0.21,0.62,0.01,0.06,1.14,1.27,0,0,0.04,0,0,0,0,0,0,0,0,0,0,0.01,0,0,0,0,0,0,0,0,0,0,0,0,0,0,0,0,0,0,0,0,0,0,0,0,0,0,0,0,0,0,0,0,0,0,0,0,0,0,0,0,0,0,0,0,0
ERR14783411,2.75,0.15,0.11,0,0.13,0.47,1.51,0,0,0.05,0,0,0,0,0,0,0,0,0,0,0.01,0,0,0,0,0,0,0,0,0,0,0,0,0,0,0,0,0,0,0,0,0,0,0,0,0,0,0,0,0,0,0,0,0,0,0,0,0,0,0,0,0,0,0,0,0
ERR14783418,0,2.74,0.85,0,0.41,0,0,0.01,0,0.13,0.03,0,0,0,0,0,0,0,0,0,0,0.02,0,0,0,0,0,0,0,0,0,0,0,0,0,0,0,0,0,0,0,0,0,0,0,0,0,0,0,0,0,0,0,0,0,0,0,0,0,0,0,0,0,0,0,0
ERR14783424,0,0.02,0.06,0.54,0,0,0.03,0,1.12,0,0.09,0,0,0,0,0,0.01,0,0,0,0,0,0,0,0,0,0,0,0,0,0,0,0,0,0,0,0,0,0,0,0,0,0,0,0,0,0,0,0,0,0,0,0,0,0,0,0,0,0,0,0,0,0,0,0,0
ERR14783425,0.69,0.13,0.6,0.03,0.04,0,1.01,0,0,0.01,0.07,0,0,0,0,0,0,0,0,0,0,0.02,0,0,0,0,0,0,0,0,0,0,0,0,0,0,0,0,0,0,0,0,0,0,0,0,0,0,0,0,0,0,0.03,0,0,0,0,0,0,0,0,0,0,0,0,0
ERR14783426,0,0.63,1.64,0,0.15,0,0,0,0.01,0.18,0.09,0,0,0,0,0,0,0,0.19,0,0,0.1,0,0,0,0,0,0,0,0,0,0,0,0,0,0,0,0,0,0,0,0,0,0,0,0,0,0,0,0,0,0,0,0,0,0,0,0,0,0,0,0,0,0,0,0
ERR14783427,0.01,0.23,0.06,1.46,0.01,0,0,0,0,0,0.01,0,0,0,0,0,0.03,0,0,0,0,0,0,0,0,0,0,0,0,0,0,0,0,0,0,0,0,0,0,0,0,0,0,0,0,0,0,0,0,0,0,0,0,0,0,0,0,0,0,0,0,0,0,0,0,0
ERR14783429,0,0.34,2.93,0.94,0.13,0.05,0,0,0,0.05,0.01,0,0,0,0,0,0,0,0,0,0,0.02,0,0,0,0,0,0,0,0,0,0,0,0,0,0,0,0,0,0,0,0,0,0,0,0,0,0,0,0,0,0,0,0,0,0,0,0,0,0,0,0,0,0,0,0
ERR14783433,1,0.41,0.06,0.01,0.14,0.18,4,0,0.07,0.15,0.03,0,0,0,0,0,0,0,0,0,0,0,0,0,0,0,0,0,0,0,0,0,0,0,0,0,0,0,0.04,0,0,0,0,0,0,0,0,0,0,0,0,0,0,0,0,0,0,0,0,0,0,0,0,0,0,0
ERR14783434,6.79,0.22,0.09,0.05,0.11,0.47,0.01,0,0,0.07,0.02,0,0,0,0,0,0,0,0,0,0,0.02,0,0,0,0,0,0,0,0,0,0,0,0,0,0,0,0,0,0,0,0,0,0,0,0,0,0,0,0,0,0,0,0,0,0,0,0,0,0,0,0,0,0,0,0
ERR14783439,0,0.02,0.06,0,0.8,0,0.04,0,0,0.36,0.09,0,0,0,0,0,0,0,0,0.01,0.43,0.01,0,0,0,0,0,0,0,0,0,0,0,0.15,0.03,0,0,0,0,0,0,0,0.06,0,0,0,0,0,0,0,0,0,0,0,0,0,0,0,0,0,0,0,0,0,0,0
ERR14783440,5.72,0.11,0.11,0.23,0.05,0,0.01,0,0,0.01,0.01,0,0,0,0,0,0,0,0,0.28,0.02,0,0,0,0,0,0,0,0,0,0,0,0,0.01,0,0,0,0,0,0,0,0,0,0,0,0,0,0,0,0,0,0,0,0,0,0,0,0,0,0,0,0,0,0,0,0
ERR14783441,0.01,0.68,1.19,0,0.3,0.01,0,0,0.6,0.02,0.12,0,0.09,0,0,0,0,0,0.1,0.3,0,0.03,0,0,0,0,0,0,0,0,0.01,0,0.01,0,0.31,0,0,0,0,0,0,0,0,0,0,0,0,0,0,0,0,0,0,0,0,0,0,0,0,0,0,0,0,0,0,0
ERR14783442,0,1.01,0.23,0.03,0.22,0,0,0,0.02,0.11,0.09,0,0.02,0,0,0,0,0,0,0.09,0,0.11,0,0,0,0,0,0,0,0,0,0,0,0,0.04,0,0,0,0,0,0,0,0,0,0,0,0,0,0,0,0,0,0,0,0,0,0.05,0,0,0,0,0,0,0,0,0
ERR14783446,0,0.02,0.21,0,0.8,0,0,0,0.01,0.01,0.14,0,0.01,0,0,0,0,0,0,0,0.07,0.02,0,0,0,0,0,0,0,0,0,0,0,0.02,0,0,0,0,0,0,0,0,0,0,0,0.01,0,0,0,0.07,0,0,0,0,0,0,0,0,0,0,0,0,0,0,0,0
ERR14783447,0,0.77,0.43,0,1.74,0,0.01,0.01,0.07,0.02,0.37,0.03,1.09,0,0.01,0,0,0.01,0,0,0.01,0,0.04,0.01,0,0,0,0,0,0,0,0,0,0.03,0,0,0,0,0,0,0,0,0,0,0.01,0,0,0,0,0.02,0,0,0,0,0,0,0,0,0,0,0,0,0,0,0.01,0
ERR14783453,0,0.14,0,0.21,0.06,0,0,0,0,0,0.04,0,0,0,0,0,0,0,0,0,0,0,0,0,0,0,0,0,0,0,0,0,0,0,0,0,0,0,0,0,0,0,0,0,0,0,0,0,0,0,0,0,0,0,0,0,0,0,0,0,0,0,0,0,0,0
ERR14783454,0,0.04,0.01,2.03,0.1,0,0,0,0,0,0,0,0,0,0,0,0,0,0,0,0,0,0,0,0,0,0,0,0,0,0,0,0,0,0,0,0,0,0,0,0,0,0,0,0,0,0,0,0,0,0,0,0,0,0,0,0,0,0,0,0,0,0,0,0,0
ERR14783455,0,0.03,0.01,1.39,0.09,0,0,0,0,0,0,0,0,0,0,0,0,0,0,0,0,0,0,0,0,0,0,0,0,0,0,0,0,0,0,0,0,0,0,0,0,0,0,0,0,0,0,0,0,0,0,0,0,0,0,0,0,0,0,0,0,0,0,0,0,0
ERR14783456,0,0.02,0.31,1.94,0.03,0,0,0,0,0.01,0,0,0,0,0,0,0,0,0,0,0,0,0,0,0,0,0,0,0,0,0,0,0,0,0,0,0,0,0,0,0,0,0,0,0,0,0,0,0,0,0,0,0,0,0,0,0,0,0,0,0,0,0,0,0,0
ERR14783460,0.01,0.42,2.96,0,1.22,0,0,0,0,0.05,0.11,0,0,0,0,0,0,0,0.31,0,0,0.01,0,0,0,0,0,0,0,0,0,0,0,0,0,0,0,0,0,0,0,0,0,0,0,0,0,0,0,0,0,0,0,0,0,0,0,0,0,0,0,0,0,0,0,0
ERR14783464,0,0.08,1.06,0.12,0.05,0,0,0,0.02,0,0.21,0,0,0,0,0,0,0,0,0,0,0,0,0,0,0,0,0,0,0,0,0,0,0,0,0,0,0,0,0,0,0,0,0,0,0,0,0,0,0,0,0,0.05,0,0,0,0,0,0,0,0,0,0,0,0,0
ERR14783465,0,0.17,0.04,0.56,0.25,0.42,0,0,0,0,0.04,0,0,0,0,0,0,0,0,0,0,0.01,0,0,0,0,0,0,0,0,0,0,0,0,0,0,0,0,0,0,0,0,0,0,0,0,0,0,0,0,0,0,0,0,0,0,0,0,0,0,0,0,0,0,0,0
ERR14783466,0,0.21,0.33,0.73,0.36,0.16,0,0,0,0,0.01,0,0,0,0,0,0,0,0,0,0,0.01,0,0,0,0,0,0,0,0,0,0,0,0,0,0.17,0,0,0,0,0,0,0,0,0,0,0,0,0,0,0,0,0,0,0,0,0,0,0,0,0,0,0,0,0,0
ERR14783473,0,2.24,1.09,0,0.64,0,0,0,0,0.05,0.06,0.03,0,0,0,0,0,0,0,0,0,0.01,0,0,0,0,0,0,0,0,0,0,0,0,0,0,0,0,0,0,0,0,0,0,0,0,0,0,0,0,0,0,0,0,0,0,0,0,0,0,0,0,0,0,0,0
ERR14783475,0,0.04,0.71,1.53,0.04,0,0,0,0,0,0,0,0,0,0,0,0,0,0,0,0,0.01,0,0,0,0,0,0,0,0,0,0,0,0,0,0,0,0,0,0,0,0,0,0,0,0,0,0,0,0,0,0,0,0,0,0,0,0,0,0,0,0,0,0,0,0
ERR14783483,0,0.09,0,0,0.03,0,0,4.71,0,0,0.08,0,0,0,0,0,0,0,0,0,0,0,0,0,0,0,0,0,0,0,0,0,0,0,0,0,0,0,0,0,0.25,0,0,0,0,0,0,0,0.01,0,0,0,0,0,0,0,0,0,0,0,0,0,0,0,0,0
ERR14783484,0,0,0,0.01,0.07,0,0,0.1,0.01,0,0.03,0,0.03,0,0,0,0,0,0,0,0,0,0,0,0,0,0,0,0,0,0,0.41,0,0,0,0,0,0,0,0,0,0,0,0,0,0,0,0,0,0,0,0,0,0,0,0,0,0,0,0,0,0,0,0,0,0
ERR14783485,0,0,0.01,0.49,0.05,0.18,0,0,0,0,0.03,0,0,0,0,0,0,0,0,0,0,0,0,0,0,0,0,0,0,0,0.01,0,0,0,0,0,0,0,0,0,0,0,0,0,0,0,0.03,0,0,0,0,0,0,0,0,0,0,0,0,0,0,0.01,0,0,0,0
ERR14783486,0,0.17,0.59,0.32,0.27,0.17,0,0,0.03,0,0.1,0,0.01,0,0,0,0,0,0,0,0,0,0,0,0.45,0,0,0,0,0.01,0,0,0,0,0,0.15,0,0,0,0,0,0,0,0,0,0.01,0.08,0,0,0,0,0,0,0,0,0,0,0,0,0,0,0.01,0,0,0,0
ERR14783487,1.9,0.5,1,0.09,0.17,1.42,0,0,0,0.09,0.01,0,0,0,0,0,0,0,0,0,0,0,0,0,0,0,0,0,0,0,0,0.01,0,0,0,0,0,0,0,0,0,0,0,0.01,0,0,0,0,0,0,0,0,0,0,0,0,0,0,0,0,0,0,0,0,0,0
ERR14783492,0,0.52,0.01,0,0.6,0,0,0.1,0,0,0.02,0,0,0,0,0,0,0,0,0,0,0,0,0,0,0,0,0,0,0,0,0,0,0,0,0,0,0,0,0,0,0,0,0,0,0,0,0,0,0,0,0,0,0,0,0,0,0,0,0,0,0,0,0,0,0
ERR14783494,0.04,0.59,2.72,0,0.85,0,0,0,0,0.99,0.08,0,0,0,0,0,0,0,0,0,0,0.06,0,0,0,0,0,0,0,0,0,0,0,0,0,0,0,0,0,0,0,0,0,0,0,0,0,0,0,0,0,0,0,0,0,0,0,0,0,0,0,0,0,0,0,0
ERR14783495,0,0.76,0.66,0,0.53,0,0,0,0,0.04,0.06,0,0.01,0,0,0,0,0,0,0,0,0.08,0.01,0,0,0,0,0,0,0,0,0,0,0,0,0,0.34,0,0,0,0,0,0,0,0,0,0,0,0,0,0,0,0,0,0,0,0,0,0,0,0,0,0,0,0,0
ERR14783500,0,0.06,0,0,0.12,0,0,0,0,0.08,0.02,0,0,0,0,0,0,0,0,0,0,0,0,0,0,0,0,0,0,0,0.02,0,0.39,0,0,0,0,0,0,0,0,0.01,0,0,0,0,0,0.1,0,0,0,0.09,0,0,0,0,0,0,0,0,0,0,0,0,0,0
ERR14783502,0,0.01,0.25,1.78,0.03,0,0,0,0,0,0,0,0,0,0,0,0,0,0,0,0,0,0,0,0,0,0,0,0,0,0,0,0,0,0,0,0,0,0,0,0,0,0,0,0,0,0,0,0,0,0,0,0,0,0,0,0,0,0,0,0,0,0,0,0,0
ERR14783503,0,0.15,1.19,0.87,0.11,0,0,0,0,0.01,0.01,0,0,0,0,0.01,0,0,0,0,0,0,0,0,0,0,0,0,0,0,0,0,0,0,0,0,0,0,0,0,0,0,0,0,0,0,0,0,0,0,0,0,0,0,0,0,0,0,0,0,0,0,0,0,0,0
ERR14783509,0,0.09,0.01,0.37,0.07,0,0.02,0,0,0.01,0.14,0,0,0,0.02,0,0,0,0,0,0.01,0,0,0.02,0.41,0,0,0,0,0,0.32,0,0,0,0,0,0,0,0,0,0,0,0,0.02,0,0,0,0,0,0,0,0,0,0,0,0,0,0,0,0,0,0,0,0.01,0,0
ERR14783510,0,0.36,0,0.02,0.16,0,3.69,0,0,0.01,0.13,0,0,0,0,0,0,0.02,0,0,0.07,0,0.19,0.49,0,0,0,0,0,0,0,0,0,0.02,0,0,0,0,0,0.29,0,0,0,0,0,0,0,0,0,0,0.09,0,0,0,0,0,0,0,0,0,0,0,0,0,0,0
ERR14783511,0.53,0.15,0,1.22,0.25,0,0.45,0,0,0.02,0.01,0,0.01,0,0,0,0,0,0,0,0,0,0.75,0,0,0,0,0,0,0,0,0,0,0,0,0,0,0,0,0,0,0,0,0,0,0,0,0,0,0,0,0,0,0,0,0,0,0,0,0,0,0,0,0,0,0
ERR14783512,0,0.14,0.34,0,0.07,0,0,0,0,0,0.16,0,0,0,0,1.8,0,0,0,0,0,0,0.02,0.43,0,0,0,0,0,0,0,0,0,0,0,0.05,0,0,0,0,0,0,0,0,0,0,0,0,0,0,0,0,0,0,0,0,0,0,0,0,0,0,0,0,0,0.01
ERR14783519,0,0.27,0.31,0,0.89,0,0,0,0,0.18,0,0,0,0,0,0,0,0,0.02,0,0,0,0,0,0,0,0,0,0,0,0,0,0,0,0,0,0,0,0,0,0,0.01,0,0,0,0,0,0,0,0,0,0,0,0,0,0,0,0,0,0,0,0,0,0,0,0
ERR14783521,4.26,0.32,0.06,0.25,0.05,0.03,0,0,0,0.01,0.02,0,0,0,0.46,0,0,0,0.06,0,0,0,0,0,0,0,0,0,0,0,0,0,0,0,0,0,0,0,0,0,0,0,0,0.01,0,0,0,0,0,0,0,0,0,0,0,0,0,0,0,0,0,0,0,0,0,0
ERR14783522,0.09,0.32,0.1,0.01,0.08,0.29,0.12,0,0,0.03,0.04,0,0.02,0,2.7,0,0,0,0.13,0,0,0,0,0,0,0,0,0,0,0,0,0,0,0,0,0,0,0,0,0,0,0,0,0.01,0,0,0,0,0,0,0,0,0,0,0,0,0,0,0,0.02,0,0,0,0,0,0
ERR14783523,0,3.87,0.55,0,0.85,0.37,0.04,0,0,0.04,0.02,0,0,0,0,0,0,0,0,0,0,0,0,0,0,0,0,0,0,0,0,0,0,0,0,0,0,0,0,0,0,0,0,0.09,0,0,0,0,0,0,0,0,0,0,0,0,0,0,0,0,0,0,0,0,0,0
ERR14783524,0.71,0.14,0.13,0.03,0.04,0.62,0.09,0,0,0,0.01,0,0,0,0.05,0,0,0,0,0,0,0,0,0,0,0,0,0.2,0,0,0,0,0,0,0,0,0,0,0,0,0,0,0,0.02,0,0,0,0,0,0,0,0,0,0,0,0,0,0,0,0,0,0,0,0,0,0
ERR14783532,0.04,0.02,0.23,0,0.01,0,0.07,0,0,0,0.19,0,0.03,0,0,0,0,0,0,0,0,0,0,0,0,0,0,0,0,0,0,0,0,0,0,0,0,0,0,0,0,0,0,0,0,0,0,0,0,0,0,0,0,0,0,0,0,0,0,0,0,0,0,0,0,0
ERR14783538,0,0,0.11,0,0.01,0,0,0,0,0,0.14,0,0,0,0,0,0,0.07,0,0,0,0,0,0.01,0,0,0,0.05,0,0,0,0,0,0,0,0,0,0,0,0,0,0,0,0,0.14,0,0,0,0,0,0,0,0,0.07,0.06,0,0,0,0,0,0,0,0,0,0,0
ERR14783539,0,0.07,1.81,0,0.01,0.01,0,0,0,0,0.1,0,0,0,0,0,0,0,0,0,0,0,0,0,0,0,0,0,0,0,0,0,0,0,0,0,0,0,0,0,0,0,0,0,0,0,0,0,0,0,0,0,0,0,0,0,0,0,0,0,0,0,0,0,0,0
ERR14783541,0,0.11,1.74,0,0.02,0,0,0,0,0,0.2,0,0,0,0,0,0,0,0,0.03,0,0,0,0,0,0,0,0,0,0,0,0,0,0,0,0,0,0,0,0,0,0,0,0,0,0,0,0,0,0,0,0,0,0,0,0,0,0,0,0,0,0,0,0,0,0
ERR14783549,1.39,1.22,0.41,0.02,0.13,0.06,0.33,0,0.5,0,0.02,0,0.57,0,0,0,0,0,0,0,0,0,0,0,0,0,0,0,0.01,0,0,0,0,0,0,0,0,0,0,0,0,0,0,0,0,0,0,0,0,0,0,0,0,0,0,0,0,0,0,0,0,0,0,0,0,0
ERR14783550,4.1,1.06,0.04,0.1,0.14,0.1,0.1,0,0.01,0,0,0,0.01,0,0,0,0,0,0,0,0.07,0,0,0,0,0,0,0,0,0,0,0,0,0.02,0,0,0,0,0,0,0,0,0.09,0,0,0,0,0,0,0,0,0,0,0,0,0,0,0,0,0,0,0,0,0,0,0
ERR14783551,2.8,0.43,0.04,0.13,0.1,0.1,0.02,0,0,0,0.04,0,1.33,0,0,0,0,0,0,0,0,0,0,0,0,0,0,0,0,0,0,0,0,0,0,0,0,0,0,0,0,0,0,0,0,0,0,0,0,0,0,0,0,0,0,0,0,0,0,0,0,0,0,0,0,0
ERR14783553,5.86,0.71,0.05,0.16,0.08,0.05,0.02,0.01,0,0,0,0,0,0,0,0,0,0,0,0,0,0,0,0,0,0,0,0,0,0,0,0,0,0,0,0,0,0,0,0,0,0,0,0,0,0,0,0,0,0,0,0,0,0,0,0,0,0,0,0,0,0,0,0,0,0
ERR14783783,0,0,0,0,0,0.26,0,0,0,0,0.02,0,0,0,0,0,0,0,0,0,0,0,0,0,0,0,0,0,0.15,0,0,0,0,0,0,0,0,0,0.09,0,0,0,0,0,0,0,0,0,0,0,0,0,0,0,0,0,0,0,0,0,0,0,0,0,0,0
ERR14783784,0.01,0,0,0,0,0.44,0,0,0,0,0.04,0,0,0,0,0,0,0,0,0,0,0,0,0,0,0,0,0,0,0,0.01,0,0,0,0,0,0,0,0.1,0,0,0.01,0,0,0,0,0,0,0,0,0,0,0,0,0,0,0,0,0,0,0,0,0,0,0,0
ERR14783785,0,0,0,0,0,0.47,0,0,0,0,0.01,0,0,0,0,0,0,0,0,0,0,0,0,0,0,0,0,0,0.06,0,0,0,0,0,0,0,0,0,0.07,0,0,0.01,0,0,0,0,0,0,0,0,0,0,0,0,0,0,0,0,0,0,0,0,0,0,0,0
ERR14783786,0,0,0,0,0,0.17,0,0,0,0,0.06,0,0,0,0,0,0,0,0,0,0.01,0,0,0,0,0,0,0,0.24,0.08,0,0,0,0.01,0,0,0,0,0.01,0,0,0.02,0,0,0,0,0,0,0,0,0,0,0,0,0,0.03,0,0.04,0,0,0,0,0,0,0,0
ERR14783787,0,0,0,0,0.01,1.44,0,0,0,0,0.15,0,0,0,0,0,0,0,0,0,0.05,0,0,0,0,0,0,0,0.01,0.34,0,0,0,0.03,0,0,0,0,0,0,0,0.04,0,0,0,0,0,0,0,0,0,0,0,0,0,0.01,0,0,0,0,0,0,0,0,0,0
ERR14783788,0,0,0,0.29,0,1.65,0,0,0,0,0.1,0,0,0,0,0,0,0,0,0,0,0.03,0,0,0,0,0,0,0.02,0.03,0,0,0,0,0,0,0,0,0,0,0,0.08,0,0,0,0,0,0,0,0,0,0,0,0,0,0,0,0,0,0,0,0,0,0,0,0
ERR14783792,6.42,0.02,0,0.39,0.01,0,0.01,0,0,0,0,0,0,0,0,0,0,0,0,0,0,0,0,0,0,0,0,0,0,0,0,0,0,0,0,0,0,0,0,0,0,0,0,0,0,0.03,0,0,0,0,0,0,0,0,0,0,0,0,0,0,0,0,0,0,0,0
ERR14783793,0.1,2.09,0.01,0.01,0.51,0,0.01,0,0,0.01,0.07,0,0,0,0,0,0,0,0,0,0,0.12,0,0,0,0,0,0,0,0,0,0,0,0,0,0,0,0,0,0,0,0,0,0,0,0.05,0,0,0,0,0,0,0,0,0,0,0,0,0,0,0,0,0,0,0,0
ERR14783794,0.47,2.78,0.02,0.03,0.65,0,0.16,0.13,0,0.01,0.04,0,0,0,0.01,0,0,0,0,0,0,0.07,0,0,0,0,0,0,0,0,0,0,0,0,0,0,0,0,0,0,0,0,0,0,0,0.02,0,0,0,0,0,0,0,0,0,0,0,0,0,0,0,0,0,0,0,0
ERR14783795,0,4.78,0.03,0,1.12,0,0,0,0,0.01,0.06,0,0,0,0.03,0,0,0,0,0,0,0.06,0,0,0,0,0,0,0,0,0,0,0,0,0,0,0,0,0,0,0,0,0,0,0,0,0,0,0,0,0,0,0,0,0,0,0,0,0,0,0,0,0,0,0,0
ERR14783796,0.78,0.21,0,0.04,0.08,0,0,0,1.08,0,0.03,0,0.38,0,1,0,0.01,0,0,0,0,0,0,0,0,0,0,0.29,0,0,0,0,0,0,0,0,0,0,0,0,0,0,0,0,0,0,0,0,0,0,0,0,0,0,0,0.02,0,0,0,0.01,0,0,0,0,0,0
ERR14783802,0,0.05,0.02,1.79,0.07,0,0,0,0,0.02,0.01,0,0,0,0,0,0,0,0,0,0,0,0,0,0,0,0,0,0,0,0,0,0,0,0,0,0,0,0,0,0,0,0,0,0,0,0,0,0,0,0,0,0,0,0,0,0,0,0,0,0,0,0,0,0,0
ERR14783805,0,0.02,0,0,0.05,0,0,3.22,0,0,0.07,0,0,0,0,0,0,0,0,0,0,0,0,0,0,0,0,0,0,0,0,0,0,0,0,0,0,0,0,0,0,0,0,0,0,0,0,0,0.04,0,0,0,0,0,0,0,0,0,0,0,0,0,0,0,0,0
ERR14783806,0,0.13,0,0,0.08,0,0,4.13,0,0,0.13,0,0,0,0,0,0,0,0,0,0,0,0,0,0,0,0,0,0,0,0,0,0,0,0,0,0,0,0,0,0,0,0,0,0,0,0,0,0.05,0,0,0,0,0,0,0,0,0,0,0,0,0,0,0,0,0
ERR14783809,0,0.02,0,0.03,0.01,0,0,0,0,0,0.02,0,0,2.7,0,0,0,0.62,0,0,0,0,0,0,0,0,0,0,0,0,0.01,0,0,0,0,0,0,0,0,0,0,0,0,0,0,0,0,0,0,0,0,0,0,0,0,0,0,0,0,0,0.01,0,0,0,0,0
ERR14783810,0,0.02,0,0.11,0.01,0,0,0,0,0,0.03,0,0,2.11,0,0,0,0.74,0,0,0,0,0,0,0,0,0,0,0,0,0.02,0,0,0,0,0,0,0,0,0,0,0,0,0,0,0,0,0,0,0,0,0,0,0,0,0,0,0,0,0,0.01,0,0,0,0,0
SRR13801805,0,6.79,0.04,0,0.57,0,0,0,0,0,0.01,0,0,0,0,0,0,0,0,0,0,0,0,0,0,0.01,0,0,0,0,0,0,0,0,0,0,0,0,0,0,0,0,0,0,0,0,0,0,0,0,0,0,0,0,0,0,0,0,0,0,0,0,0,0,0,0
