Short_name;antibiotic_class;antibiotic;WHO_category;ref;notes;;;
ARIR;0;0;0;0;Multi-biocide_resistance_regulator;;;
ASR;0;0;0;0;Acid_resistance_protein;;;
CEPAB;0;0;0;0;Biocide;;;
EEFA;0;0;0;0;Acid_resistance_protein;;;
EMHA;0;0;0;0;Multi-biocide_RND_efflux_pump;;;
EMHB;0;0;0;0;Multi-biocide_RND_efflux_pump;;;
EMHC;0;0;0;0;Multi-biocide_RND_efflux_pump;;;
EMMDR;0;0;0;0;Multi-biocide_MATE_efflux_pump;;;
FABG;0;0;0;0;Triclosan-resistant_mutation;;;
FABI;0;0;0;0;Triclosan-resistant_mutation;;;
FETA;0;0;0;0;Biocide_and_metal_ABC_efflux_pumps;;;
FETB;0;0;0;0;Biocide_and_metal_ABC_efflux_pumps;;;
GADC;0;0;0;0;acid;;;
GADE;0;0;0;0;acid;;;
GLPF;0;0;0;0;Biocide_and_metal_resistance_protein;;;
HASF;0;0;0;0;Biocide;;;
HDEA;0;0;0;0;Biocide;;;
HDEB;0;0;0;0;Biocide;;;
ICLR;0;0;0;0;Biocide;;;
KDEA;0;0;0;0;Biocide and drug;;;
KEXD;0;0;0;0;Biocide;;;
KMRA;0;0;0;0;Biocide;;;
KPN;0;0;0;0;Biocide;;;
KPNO;0;0;0;0;Biocide;;;
LPDT;0;0;0;0;Biocide;;;
MDTI;0;0;0;0;Drug_and_biocide_SMR_efflux_pumps;;;
MDTJ;0;0;0;0;Drug_and_biocide_SMR_efflux_pumps;;;
MDTN;nucleoside;NA;0;;;;;
MDTO;nucleoside;NA;0;;;;;
MDTP;nucleoside;NA;0;;;;;
MEXD1;0;0;0;0;Drug_and_biocide_RND_efflux_pumps;;;
MVRC;0;0;0;0;Drug_and_biocide_SMR_efflux_pumps;;;
NMPC;0;0;0;0;Biocides;;;
OXYRKP;0;0;0;0;Biocides;;;
PHOB;0;0;0;0;Drug_and_biocide_ABC_efflux_regulator;;;
PHOR;0;0;0;0;Drug_and_biocide_SMR_efflux_regulator;;;
QACEDELTA1;0;0;0;0;Drug_and_biocide_SMR_efflux_pump;;;
RPOS;0;0;0;0;Multi-biocide_resistance_regulator;;;
RUVB;0;0;0;0;Biocide and metal resistance;;;
SDEB;0;0;0;0;Drug_and_biocide_RND_efflux_pumps;;;
SDEX;0;0;0;0;Drug_and_biocide_RND_efflux_pumps;;;
SDEY;0;0;0;0;Drug_and_biocide_RND_efflux_pumps;;;
SITC;0;0;0;0;Biocide_and_metal_ABC_efflux_pumps;;;
SMDA;0;0;0;0;Multi-biocide_ABC_efflux_pump;;;
SMDB;0;0;0;0;Multi-biocide_ABC_efflux_pump;;;
SMRA;0;0;0;0;Multi-biocide_ABC_efflux_pump;;;
SMVA;0;0;0;0;Multi-biocide_MFS_efflux_pump;;;
SODA;0;0;0;0;Biocide ;;;
SODB;0;0;0;0;Biocide ;;;
SOXRB;0;0;0;0;Multi-biocide_resistance_regulator;;;
SUGE;0;0;0;0;Multi-biocide_SMR_efflux_pump;;;
TEHA;0;0;0;0;Biocide_and_metal_resistance_protein;;;
TEHB;0;0;0;0;Biocide_and_metal_resistance_protein;;;
TOLC;0;0;0;0;Multi-biocide_RND_efflux_pump;;;
TRIC;0;0;0;0;Phenolic_RND_efflux_pump, biocide;;;
YCHH;0;0;0;0;Biocide_and_metal_resistance_protein;;;
YDEI;0;0;0;0;Biocide;;;
YDEO;0;0;0;0;Multi-biocide_resistance_regulator;;;
YDEP;0;0;0;0;Acid_resistance_protein;;;
YGIW;0;0;0;0;Biocide_and_metal_resistance_protein;;;
YHCN;0;0;0;0;Biocide_and_metal_resistance_protein;;;
YIEF;0;0;0;0;Biocide_and_metal_resistance_protein;;;
YJAA;0;0;0;0;Biocide_and_metal_resistance_protein;;;
YJCG;0;0;0;0;Multi-biocide_resistance_protein;;;
YODB;0;0;0;0;Biocide_and_metal_resistance_protein;;;
ZUPT;0;0;0;0;Biocide_and_metal_resistance_protein;;;
BC;B-Betalactam;NA;Authorized for use in humans only;;Class_B_betalactamases;;;
LIAFSR;Lipopeptides;Daptomycin;Authorized for use in humans only;;;;;
O23S;Oxazolidinone;NA;Authorized for use in humans only;;;;;
OMP36;"Carbapenems with or
without inhibitors, Cephalosporins
(3rd, 4th
generation)";cefepime, cefpirome and imipenem;Authorized for use in humans only;;betalactams;;;
RPOCL;Lipopeptides;Daptomycin;Authorized for use in humans only;;Daptomycin-resistant_beta-subunit_of_RNA_polymerase_RpoC;;;
TEM;A-betalactamases;NA;Authorized for use in humans only;;;;;
BCII;penicillin beta-lactam;NA;Authorized for use in humans only ;;;;;
BLA1;penicillin beta-lactam;NA;Authorized for use in humans only ;;Class C betalactamase;;;
BLAC;penicillin beta-lactam, cephalosporin;NA;Authorized for use in humans only ;;"""major obstacle in the treatment of tuberculosis with such drugs"" CARD";;;
BLAZ;penicillin beta-lactam;NA;Authorized for use in humans only ;;"""These beta-lactamases are responsible for penicillin resistance""Class_A_betalactamases";;;
CMY;cephamycin;NA;Authorized for use in humans only ;;AmpC, class C betalactamase;;;
CRP;carbapenem;NA;Authorized for use in humans only ;;;;;
CTX;"3rd-, 4th- and 5th-
generation cephalosporins
with ?-lactamase
inhibitors";NA;Authorized for use in humans only ;;;;;
OMPF;penicillin beta-lactam, cephalosporin, carbapenem, monobactam;NA;Authorized for use in humans only ;;;;;
OMPFB;penicillin beta-lactam, cephalosporin, carbapenem, monobactam;NA;Authorized for use in humans only ;;confer resistance to betalactam;;;
RAHN;A-betalactase;NA;Authorized for use in humans only ;RAHN-2, a chromosomal extended-spectrum class A beta-lactamase from Rahnella aquatilis - PubMed;class A beta-lactamase;;;
ACRA;tetracycline, penicillin beta-lactam, cephalosporin, rifamycin, glycylcycline, fluoroquinolone, phenicol;NA;Authorized for use in humans only ?;;Drug and biocide RND efflux pump, this category due to glycylcycline;;;
ACRB;tetracycline, penicillin beta-lactam, cephalosporin, rifamycin, glycylcycline, fluoroquinolone;NA;Authorized for use in humans only ?;http://www.sciencedirect.com/science/article/pii/S0006291X14009711;Bacterial multidrug efflux pumps;;;
ACRE;penicillin beta-lactam, cephalosporin, fluoroquinolone;NA;Authorized for use in humans only ?;NA;;;;
ACRF;penicillin beta-lactam, cephalosporin, fluoroquinolone;NA;Authorized for use in humans only ?;NA;;;;
ACRR;tetracycline, penicillin beta-lactam, cephalosporin, rifamycin, glycylcycline, fluoroquinolone, phenicol;NA;Authorized for use in humans only ?;;;;;
ACRS;tetracycline, penicillin beta-lactam, cephalosporin, rifamycin, glycylcycline, fluoroquinolone, phenicol;NA;Authorized for use in humans only ?;;;;;
EVGA;penicillin beta-lactam, tetracycline, fluoroquinolone, macrolide;NA;Authorized for use in humans only ?;;;;;
EVGS;penicillin beta-lactam, tetracycline, fluoroquinolone, macrolide;NA;Authorized for use in humans only ?;;;;;
GADW;penicillin beta-lactam, fluoroquinolone, macrolide;NA;Authorized for use in humans only ?;;;;;
GADX;penicillin beta-lactam, fluoroquinolone, macrolide;NA;Authorized for use in humans only ?;;;;;
HNS;penicillin beta-lactam, tetracycline, fluoroquinolone, macrolide, cephalosporin;NA;Authorized for use in humans only ?;;;;;
LAQ;penicillin beta-lactam;NA;Authorized for use in humans only ?;;;;;
MARA;tetracycline, penicillin beta-lactam, cephalosporin, phenicol antibiotic, rifamycin, glycylcycline, carbapenem, monobactam, fluoroquinolone;NA;Authorized for use in humans only ?;;;;;
MARR;tetracycline, penicillin beta-lactam, cephalosporin, phenicol antibiotic, rifamycin, glycylcycline, fluoroquinolone;NA;Authorized for use in humans only ?;;;;;
MDEA;penicillin beta-lactam, fluoroquinolone, tetracycline, aminoglycoside;NA;Authorized for use in humans only ?;;;;;
MDTE;penicillin beta-lactam, fluoroquinolone, macrolide;NA;Authorized for use in humans only ?;;;;;
MDTF;penicillin beta-lactam, fluoroquinolone, macrolide;NA;Authorized for use in humans only ?;;;;;
MIR;monobactam, cephalosporin;NA;Authorized for use in humans only ?;;Need antibio to confirm;;;
OMP37;betalactam;NA;Authorized for use in humans only ?;;betalactams;;;
OMPA;betalactam;NA;Authorized for use in humans only ?;;;;;
OMPK36;cephalosporin, penicillin beta-lactam, carbapenem, monobactam;NA;Authorized for use in humans only ?;;Mutant_porin_proteins, betalactam;;;
OQXA;tetracycline, nitrofuran, diaminopyrimidine, glycylcycline, fluoroquinolone;NA;Authorized for use in humans only ?;;check glycyl antibio ;;;
OQXB;tetracycline, nitrofuran, diaminopyrimidine, glycylcycline, fluoroquinolone;NA;Authorized for use in humans only ?;;check glycyl antibio ;;;
OXY;penicillin beta-lactam, cephalosporin, monobactam;NA;Authorized for use in humans only ?;;;;;
PBP4B;penicillin beta-lactam;NA;Authorized for use in humans only ?;;;;;
RAMR;tetracycline, penicillin beta-lactam, cephalosporin, phenicol, rifamycin, glycylcycline, fluoroquinolone;NA;Authorized for use in humans only ?;;Multi-drug_RND_efflux_regulator;;;
ROBA;tetracycline, penicillin beta-lactam, cephalosporin, phenicol, rifamycin, glycylcycline, fluoroquinolone;NA;Authorized for use in humans only ?;;Drug_and_biocide_and_metal_RND_efflux_pumps;;;
A16S;Aminoglycoside;amikacin kanamycin gentamicin tobramycin neomycin;CIA;;;;;
ACRD;aminoglycoside;amikacin, gentamicin, neomycin, kanamycin, and tobramycin;CIA;AcrD of Escherichia coli is an aminoglycoside efflux pump - PubMed;;;;
ANT3-DPRIME;Aminoglycosides;streptomycin;CIA;;O-nucleotidyltransferases;;;
ANT6;Aminoglycosides;streptomycin;CIA;ant(6)-I Genes Encoding Aminoglycoside O-Nucleotidyltransferases Are Widely Spread Among Streptomycin Resistant Strains of Campylobacter jejuni and Campylobacter coli - PubMed;O-nucleotidyltransferases;;;
APH2-DPRIME;Aminoglycoside;NA;CIA;;O-phosphotransferases;;;
APH3-DPRIME;Aminoglycoside;NA;CIA;;O-phosphotransferases;;;
BAER;aminocoumarin, aminoglycoside;NA;CIA;;CIA due to aminoglycoside;;;
BAES;aminocoumarin, aminoglycoside;NA;CIA;;CIA due to aminoglycoside;;;
ERMA;streptogramin, lincosamide, macrolide;NA;CIA;;;;;
KDPE;aminoglycoside;NA;CIA;;;;;
MEXK;tetracycline, macrolide;NA;CIA;;;;;
MEXQ;phenicol, diaminopyrimidine, tetracycline, carbapenem, macrolide;NA;CIA;;;;;
MPHB;macrolide;NA;CIA;;;;;
MUXB;aminocoumarin, tetracycline, monobactam, macrolide;NA;CIA;;;;;
MUXC;aminocoumarin, tetracycline, monobactam, macrolide;NA;CIA;;;;;
RPOB;Ansamycins;rifampicin;CIA;;Rifampin-resistant_beta-subunit_of_RNA_polymerase_RpoB;;;
RPSL;Aminoglycoside;NA;CIA;;Aminoglycoside-resistant_16S_ribosomal_subunit_protein;;;
SAT;Aminoglycoside;NA;CIA;;;;;
CPXAR;aminocoumarin, aminoglycoside;NA;CIA ;;CIA due to aminoglycoside;;;
MLS23S;macrolide;NA;CIA ?;;If antibio is fidaxomicin then its only for human;;;
AMPH;penicilin;NA;HIA;1796112.pdf;Bind Penicillin binds the beta-lactam anbiotic but no betalactamase activity;;;
CATA;phenicol;chloramphenicol;HIA;;;;;
EMRK;tetracycline;NA;HIA;;;;;
EMRY;tetracycline;NA;HIA;;;;;
FOLP;sulfonamide;NA;HIA;;;;;
FUSA;Fusidanes;fusidic acid;HIA;;;;;
FUSC;Fusidanes;fusidic acid;HIA;;;;;
LMRD;lincosamide ;NA;HIA;;;;;
LSA;streptogramin, pleuromutilin , lincosamide;NA;HIA;;;;;
MDFA;phenicol, tetracycline ;NA;HIA;;;;;
MEXN;phenicol;NA;HIA;;;;;
MSBA;nitroimidazole;NA;HIA;;;;;
SULI;Sulfonamide;NA;HIA;;;;;
TETD;Tetracycline;NA;HIA;;Tetracycline_resistance_MFS_efflux_pumps;;;
TETM;Tetracycline;NA;HIA;;Tetracycline_resistance_ribosomal_protection_proteins;;;
TETS;Tetracycline;NA;HIA;;Tetracycline_resistance_ribosomal_protection_proteins;;;
AMPC;cephalosporins with ?-lactamase inhibitors;NA;HIA ;;;;;
AMPCR;cephalosporins with ?-lactamase inhibitors;NA;HIA ;;;;;
ACC;cephalosporins with ?-lactamase inhibitors;oxyimino cephalosporins;HIA ?;http://www.ncbi.nlm.nih.gov/pubmed/10428914;;;;
ARNA;Polymyxins;polymyxin;HPCIA;;;;;
ARNT;Polymyxins;Colistin;HPCIA;;;;;
EFRA;rifamycin, fluoroquinolone, macrolide;NA;HPCIA;;;;;
EFRB;rifamycin, fluoroquinolone, macrolide;NA;HPCIA;;;;;
EMRA;fluoroquinolone;NA;HPCIA;;;;;
EMRB;fluoroquinolone;NA;HPCIA;;;;;
EMRR;fluoroquinolone;NA;HPCIA;;;;;
FORMA;Polymyxins;colistina;HPCIA;;;;;
FOSA;"Phosphonic acid
derivatives";fosfomycin;HPCIA;;;;;
GLPT;"Phosphonic acid
derivatives";fosfomycin;HPCIA;;;;;
GYRA;fluoroquinolone;NA;HPCIA;;;;;
GYRB;fluoroquinolone;NA;HPCIA;;;;;
MDTG;phosphonic acid;NA;HPCIA;;;;;
MDTH;fluoroquinolone;NA;HPCIA;;;;;
MDTK;fluoroquinolone;NA;HPCIA;;;;;
MDTM;nucleoside, phenicol antibiotic, lincosamide, fluoroquinolone;NA;HPCIA;;;;;
MEXE;phenicol, diaminopyrimidine, fluoroquinolone;NA;HPCIA;;;;;
MEXF;phenicol, diaminopyrimidine, fluoroquinolone;NA;HPCIA;;;;;
MEXI;fluoroquinolone;NA;HPCIA;;;;;
MEXT;phenicol, diaminopyrimidine, fluroquinolone;NA;HPCIA;;;;;
MEXW;phenicol, fluroquinolone, tetracycline, macrolide;NA;HPCIA;;;;;
MURA;"Phosphonic acid
derivatives";fosfomycin;HPCIA;;;;;
PARC;Fluoroquinolone;NA;HPCIA;;;;;
PAREF;Fluoroquinolone;NA;HPCIA;;;;;
PBP2;"Benzylpenicillin penicillin beta-lactam, Cephalosporins
(3rd, 4th
generation)";cefotaxime;HPCIA;https://pmc.ncbi.nlm.nih.gov/articles/PMC105597/#ResultsDiscussion;;;;
PHOP;Polymyxins, macrolide antibiotic;colistin;HPCIA;;;;;
PHOQ;Polymyxins, macrolide antibiotic;colistin;HPCIA;;;;;
PMPM;aminoglycoside, fluoroquinolone;NA;HPCIA;;;;;
PMRAR;Polymyxins;Polymyxins B;HPCIA;;;;;
PTSL;"Phosphonic acid
derivatives";fosfomycin;HPCIA;;;;;
QNRB;Fluoroquinolone;NA;HPCIA;;;;;
UGD;polymyxin;NA;HPCIA;;lipid, cationic antimicrobial peptide, ;;;
UHPT;"Phosphonic acid
derivatives";fosfomycin;HPCIA;;Fosfomycin_target_mutation;;;
BACA;Polypeptides;Bacitracin;IA;;;;;
UL3;Pleuromutilin;NA;IA;;Pleuromutilin-resistant_23S_rRNA_mutation;;;
ASMA;NA;NA;NA;;Multi-drug_RND_efflux_regulator;;;
EPTA;NA;NA;NA;;peptide, Cationic antimicrobial peptides through the mechanism, Lipid A modification.;;;
EPTB;NA;NA;NA;;peptide;;;
OMPK;NA;NA;NA;;MDR_mutant_porin_proteins;;;
OPMH;NA;NA;NA;;Multi-drug_RND_efflux_pumps;;;
PMRF;NA;NA;NA;NA;Lipid;;;
ROSA;NA;NA;NA;;Multi-drug_MFS_efflux_pumps, cationic antimicrobial peptides ;;;
ROSB;NA;NA;NA;;Multi-drug_MFS_efflux_pumps;;;
SOXS;NA;NA;NA;NA;Drug_and_biocide_and_metal_resistance_regulator;;;
TTGA;NA;NA;NA;NA;Drug_and_biocide_RND_efflux_pumps;;;
TTGB;NA;NA;NA;NA;Drug_and_biocide_RND_efflux_pumps;;;
TTGC;NA;NA;NA;NA;Drug_and_biocide_RND_efflux_pumps;;;
TUFAB;elfamycin;kirromycin, enacyloxin, pulvomycin, GE2270A.;NA;;not in the WHO list;;;
YOGI;NA;NA;NA;NA;Drug_and_biocide_ABC_efflux_pumps;;;
BCR;bicyclomycin-like ;NA;Not medically important;;;;;
GYRBA;Aminocoumarin;NA;Not medically important;;;;;
MDTA;aminocoumarin;NA;Not medically important;;;;;
MDTB;aminocoumarin;NA;Not medically important;;;;;
MDTC;aminocoumarin;NA;Not medically important;;;;;
PARE;Aminocoumarin;NA;Not medically important;;;;;
