sample,Lactococcus cremoris,Lactobacillus kefiranofaciens,Lactobacillus helveticus,Lactococcus lactis,Lentilactobacillus kefiri,Leuconostoc mesenteroides,Pseudolactococcus raffinolactis,Acinetobacter sp. TTH0-4,Pseudomonas helleri,Acetobacter orientalis,Other,Streptococcus thermophilus,Pseudomonas lundensis,Macrococcoides caseolyticum,Hafnia paralvei,Pseudomonas brenneri,Lactococcus sp,Streptococcus parauberis,Thermus thermophilus,Leuconostoc falkenbergense,Pseudolactococcus piscium,Acetobacter ghanensis,Pseudomonas saxonica,Carnobacterium maltaromaticum,Kluyvera intermedia,Saccharomyces cerevisiae,Kluyveromyces marxianus,Lelliottia amnigena,Pseudomonas putida,Klebsiella sp. HC6,Bacillus mycoides,Pantoea agglomerans,Clostridium saccharobutylicum,Pseudolactococcus carnosus,Pseudomonas lurida,Paenibacillus sp. FSL H8-0332,Pseudomonas sp B21128,Propionibacterium freudenreichii,Klebsiella grimontii,Yersinia alsatica,Duffyella gerundensis,Clostridium beijerinckii,Pseudolactococcus paracarnosus,Yarrowia lipolytica,Pseudomonas azotoformans,Clostridium tyrobutyricum,Pseudomonas sp. FP453,Pseudomonas moraviensis,Acinetobacter towneri,Leclercia adecarboxylata,Rahnella aceris,Pseudomonas sp. S3_B08,Kluyvera cryocrescens,Pseudomonas rustica,Superficieibacter sp. BNK-5,Pseudomonas sp. SD17-1,Janthinobacterium s. J1-1,Maaswegvirus Kp24,Staphylococcus sp. IVB6181,Citrobacter freundii complex sp. CFNIH3,Macrococcus psychrotolerans,Lactococcus phage 63301,Bacillus sp. WC2507,Enterobacter sp. RHBSTW-00901,Pseudomonas sp. SC3(2021),Bordetella bronchiseptica,Total
ERR11865276,"94,38405797","0,1811594203","1,449275362","1,992753623","0,1811594203","0,5434782609","0,5434782609",0,0,0,"0,3623188406",0,0,0,0,0,"0,3623188406",0,0,0,0,0,0,0,0,0,0,0,0,0,0,0,0,0,0,0,0,0,0,0,0,0,0,0,0,0,0,0,0,0,0,0,0,0,0,0,0,0,0,0,0,0,0,0,0,0,100
ERR11865278,"90,89347079","0,3436426117","3,951890034","2,749140893",0,"0,5154639175","0,6872852234",0,0,"0,1718213058","0,3436426117",0,0,0,0,0,"0,3436426117",0,0,0,0,0,0,0,0,0,0,0,0,0,0,0,0,0,0,0,0,0,0,0,0,0,0,0,0,0,0,0,0,0,0,0,0,0,0,0,0,0,0,0,0,0,0,0,0,0,100
ERR11865284,"71,86897881","10,01926782","13,10211946","0,9633911368","1,156069364","1,734104046",0,0,0,"0,1926782274","0,1926782274",0,0,0,0,0,"0,7707129094",0,0,0,0,0,0,0,0,0,0,0,0,0,0,0,0,0,0,0,0,0,0,0,0,0,0,0,0,0,0,0,0,0,0,0,0,0,0,0,0,0,0,0,0,0,0,0,0,0,100
ERR11865286,"92,24137931","2,24137931","0,6896551724","1,206896552","0,3448275862","1,896551724",0,0,0,"0,1724137931","0,1724137931",0,0,0,0,0,"1,034482759",0,0,0,0,0,0,0,0,0,0,0,0,0,0,0,0,0,0,0,0,0,0,0,0,0,0,0,0,0,0,0,0,0,0,0,0,0,0,0,0,0,0,0,0,0,0,0,0,0,100
ERR11865288,"95,67010309","0,824742268","0,824742268","1,030927835",0,"0,618556701",0,0,0,0,0,0,0,0,0,0,"1,030927835",0,0,0,0,0,0,0,0,0,0,0,0,0,0,0,0,0,0,0,0,0,0,0,0,0,0,0,0,0,0,0,0,0,0,0,0,0,0,0,0,0,0,0,0,0,0,0,0,0,100
ERR11865290,"86,93877551","3,06122449","6,326530612","1,428571429","0,4081632653","0,8163265306","0,2040816327",0,0,0,0,0,0,0,0,0,"0,8163265306",0,0,0,0,0,0,0,0,0,0,0,0,0,0,0,0,0,0,0,0,0,0,0,0,0,0,0,0,0,0,0,0,0,0,0,0,0,0,0,0,0,0,0,0,0,0,0,0,0,100
ERR11865292,"17,46031746","3,174603175","7,142857143","19,44444444","7,936507937",0,0,0,"43,65079365",0,0,0,"1,19047619",0,0,0,0,0,0,0,0,0,0,0,0,0,0,0,0,0,0,0,0,0,0,0,0,0,0,0,0,0,0,0,0,0,0,0,0,0,0,0,0,0,0,0,0,0,0,0,0,0,0,0,0,0,100
ERR11865294,"55,40069686","1,045296167","4,529616725","23,69337979","4,181184669",0,0,0,"10,45296167",0,0,0,0,0,0,0,"0,6968641115",0,0,0,0,0,0,0,0,0,0,0,0,0,0,0,0,0,0,0,0,0,0,0,0,0,0,0,0,0,0,0,0,0,0,0,0,0,0,0,0,0,0,0,0,0,0,0,0,0,100
ERR11865296,"69,10994764","2,617801047","5,235602094","18,32460733","0,5235602094","2,094240838","1,047120419",0,0,0,0,0,0,0,0,0,"0,5235602094",0,0,0,0,0,0,0,0,"0,5235602094",0,0,0,0,0,0,0,0,0,0,0,0,0,0,0,0,0,0,0,0,0,0,0,0,0,0,0,0,0,0,0,0,0,0,0,0,0,0,0,0,100
ERR11865298,"62,98850575","17,24137931","5,057471264","6,436781609","3,448275862","3,67816092","0,4597701149",0,0,"0,2298850575",0,0,0,0,0,0,"0,2298850575",0,0,0,0,0,0,0,0,"0,2298850575",0,0,0,0,0,0,0,0,0,0,0,0,0,0,0,0,0,0,0,0,0,0,0,0,0,0,0,0,0,0,0,0,0,0,0,0,0,0,0,0,100
ERR11865300,"89,78805395","5,394990366","1,156069364","0,7707129094","1,541425819","0,1926782274","0,1926782274",0,0,0,0,0,0,0,0,0,"0,9633911368",0,0,0,0,0,0,0,0,0,0,0,0,0,0,0,0,0,0,0,0,0,0,0,0,0,0,0,0,0,0,0,0,0,0,0,0,0,0,0,0,0,0,0,0,0,0,0,0,0,100
ERR11865302,"89,70873786","4,27184466","2,524271845","1,165048544","1,359223301","0,1941747573","0,1941747573",0,0,0,0,0,0,0,0,0,"0,5825242718",0,0,0,0,0,0,0,0,0,0,0,0,0,0,0,0,0,0,0,0,0,0,0,0,0,0,0,0,0,0,0,0,0,0,0,0,0,0,0,0,0,0,0,0,0,0,0,0,0,100
ERR11865304,"47,13216958","25,43640898",0,"11,4713217","14,71321696",0,"0,2493765586",0,0,0,"0,2493765586",0,0,0,0,0,"0,2493765586",0,0,0,0,0,0,0,0,0,"0,4987531172",0,0,0,0,0,0,0,0,0,0,0,0,0,0,0,0,0,0,0,0,0,0,0,0,0,0,0,0,0,0,0,0,0,0,0,0,0,0,0,100
ERR11865305,"33,86243386","17,98941799",0,"36,50793651","5,82010582",0,"5,291005291",0,0,0,0,0,0,0,0,0,0,0,0,0,0,0,0,0,0,0,"0,5291005291",0,0,0,0,0,0,0,0,0,0,0,0,0,0,0,0,0,0,0,0,0,0,0,0,0,0,0,0,0,0,0,0,0,0,0,0,0,0,0,100
ERR11865306,"30,86419753","26,74897119",0,"27,16049383","8,641975309",0,"6,58436214",0,0,0,0,0,0,0,0,0,0,0,0,0,0,0,0,0,0,0,0,0,0,0,0,0,0,0,0,0,0,0,0,0,0,0,0,0,0,0,0,0,0,0,0,0,0,0,0,0,0,0,0,0,0,0,0,0,0,0,100
ERR11865307,"23,30508475","23,30508475",0,"30,93220339","6,779661017",0,"14,83050847",0,0,0,"0,4237288136",0,0,0,0,0,"0,4237288136",0,0,0,0,0,0,0,0,0,0,0,0,0,0,0,0,0,0,0,0,0,0,0,0,0,0,0,0,0,0,0,0,0,0,0,0,0,0,0,0,0,0,0,0,0,0,0,0,0,100
ERR11865308,"92,70633397","0,575815739","3,838771593","0,9596928983","0,575815739","0,3838771593",0,0,0,0,0,0,0,0,0,0,"0,9596928983",0,0,0,0,0,0,0,0,0,0,0,0,0,0,0,0,0,0,0,0,0,0,0,0,0,0,0,0,0,0,0,0,0,0,0,0,0,0,0,0,0,0,0,0,0,0,0,0,0,100
ERR11865310,"82,18181818","2,909090909","11,81818182","0,5454545455","1,272727273","0,3636363636",0,0,0,"0,1818181818",0,0,0,0,0,0,"0,7272727273",0,0,0,0,0,0,0,0,0,0,0,0,0,0,0,0,0,0,0,0,0,0,0,0,0,0,0,0,0,0,0,0,0,0,0,0,0,0,0,0,0,0,0,0,0,0,0,0,0,100
ERR11865312,"96,07843137","0,6535947712",0,"0,6535947712","1,307189542",0,"0,1633986928",0,"0,3267973856",0,0,0,0,0,0,0,"0,8169934641",0,0,0,0,0,0,0,0,0,0,0,0,0,0,0,0,0,0,0,0,0,0,0,0,0,0,0,0,0,0,0,0,0,0,0,0,0,0,0,0,0,0,0,0,0,0,0,0,0,100
ERR11865314,"95,09954058","0,9188361409",0,"1,071975498","1,225114855",0,"0,3062787136",0,0,"0,1531393568","0,1531393568",0,0,0,0,0,"1,071975498",0,0,0,0,0,0,0,0,0,0,0,0,0,0,0,0,0,0,0,0,0,0,0,0,0,0,0,0,0,0,0,0,0,0,0,0,0,0,0,0,0,0,0,0,0,0,0,0,0,100
ERR11865316,"51,58878505","29,71962617","4,485981308","3,551401869","8,598130841",0,0,0,0,"0,5607476636",0,0,"1,121495327",0,0,0,"0,3738317757",0,0,0,0,0,0,0,0,0,0,0,0,0,0,0,0,0,0,0,0,0,0,0,0,0,0,0,0,0,0,0,0,0,0,0,0,0,0,0,0,0,0,0,0,0,0,0,0,0,100
ERR11865318,"85,53571429","6,25","3,214285714","1,25","2,5",0,0,0,0,"0,5357142857",0,0,"0,1785714286",0,0,0,"0,5357142857",0,0,0,0,0,0,0,0,0,0,0,0,0,0,0,0,0,0,0,0,0,0,0,0,0,0,0,0,0,0,0,0,0,0,0,0,0,0,0,0,0,0,0,0,0,0,0,0,0,100
ERR11865320,0,"71,34146341","13,56707317",0,"14,17682927",0,0,0,"0,6097560976","0,3048780488",0,0,0,0,0,0,0,0,0,0,0,0,0,0,0,0,0,0,0,0,0,0,0,0,0,0,0,0,0,0,0,0,0,0,0,0,0,0,0,0,0,0,0,0,0,0,0,0,0,0,0,0,0,0,0,0,100
ERR11865322,"3,953488372","32,79069767","44,18604651","3,488372093","7,674418605",0,0,0,"7,441860465","0,2325581395","0,2325581395",0,0,0,0,0,0,0,0,0,0,0,0,0,0,0,0,0,0,0,0,0,0,0,0,0,0,0,0,0,0,0,0,0,0,0,0,0,0,0,0,0,0,0,0,0,0,0,0,0,0,0,0,0,0,0,100
ERR11865324,"57,77777778","8,888888889",0,"0,2469135802","0,987654321",0,"0,987654321",0,"19,50617284",0,0,0,"11,11111111",0,0,0,"0,4938271605",0,0,0,0,0,0,0,0,0,0,0,0,0,0,0,0,0,0,0,0,0,0,0,0,0,0,0,0,0,0,0,0,0,0,0,0,0,0,0,0,0,0,0,0,0,0,0,0,0,100
ERR11865326,"74,66442953","2,348993289",0,"0,3355704698","0,5033557047","0,1677852349","12,91946309",0,"7,382550336",0,0,0,"1,006711409",0,0,0,"0,6711409396",0,0,0,0,0,0,0,0,0,0,0,0,0,0,0,0,0,0,0,0,0,0,0,0,0,0,0,0,0,0,0,0,0,0,0,0,0,0,0,0,0,0,0,0,0,0,0,0,0,100
ERR11865328,"13,55311355","65,75091575","0,1831501832","1,098901099","8,241758242",0,0,0,"10,43956044",0,"0,5494505495",0,0,0,0,0,"0,1831501832",0,0,0,0,0,0,0,0,0,0,0,0,0,0,0,0,0,0,0,0,0,0,0,0,0,0,0,0,0,0,0,0,0,0,0,0,0,0,0,0,0,0,0,0,0,0,0,0,0,100
ERR11865330,"87,94326241","4,609929078",0,"3,368794326","0,8865248227","0,1773049645",0,0,"1,95035461",0,"0,1773049645",0,0,0,0,0,"0,8865248227",0,0,0,0,0,0,0,0,0,0,0,0,0,0,0,0,0,0,0,0,0,0,0,0,0,0,0,0,0,0,0,0,0,0,0,0,0,0,0,0,0,0,0,0,0,0,0,0,0,100
ERR11865332,"13,3640553","55,52995392","0,2304147465",0,"6,451612903",0,"0,6912442396",0,"14,97695853",0,0,0,"8,525345622",0,0,0,"0,2304147465",0,0,0,0,0,0,0,0,0,0,0,0,0,0,0,0,0,0,0,0,0,0,0,0,0,0,0,0,0,0,0,0,0,0,0,0,0,0,0,0,0,0,0,0,0,0,0,0,0,100
ERR11865334,"80,45375218","8,376963351",0,"0,3490401396","1,396160558","0,1745200698","2,792321117",0,"4,537521815",0,0,0,"1,221640489",0,0,0,"0,6980802792",0,0,0,0,0,0,0,0,0,0,0,0,0,0,0,0,0,0,0,0,0,0,0,0,0,0,0,0,0,0,0,0,0,0,0,0,0,0,0,0,0,0,0,0,0,0,0,0,0,100
ERR11865335,"88,90728477","4,801324503",0,"0,4966887417","1,158940397","0,1655629139","2,649006623",0,"0,9933774834",0,0,0,0,0,0,0,"0,8278145695",0,0,0,0,0,0,0,0,0,0,0,0,0,0,0,0,0,0,0,0,0,0,0,0,0,0,0,0,0,0,0,0,0,0,0,0,0,0,0,0,0,0,0,0,0,0,0,0,0,100
ERR11865336,"7,660167131","64,7632312","0,139275766","0,4178272981","22,84122563",0,0,0,"3,760445682",0,0,0,0,0,0,0,"0,139275766",0,0,0,0,0,0,0,0,0,"0,278551532",0,0,0,0,0,0,0,0,0,0,0,0,0,0,0,0,0,0,0,0,0,0,0,0,0,0,0,0,0,0,0,0,0,0,0,0,0,0,0,100
ERR11865338,"84,83333333","4,333333333",0,"2,666666667","2,666666667","0,1666666667",0,0,"4,5",0,0,0,0,0,0,0,"0,8333333333",0,0,0,0,0,0,0,0,0,0,0,0,0,0,0,0,0,0,0,0,0,0,0,0,0,0,0,0,0,0,0,0,0,0,0,0,0,0,0,0,0,0,0,0,0,0,0,0,0,100
ERR11865340,"17,6","59,8","0,2","1,4","3,2",0,0,0,"17,2",0,"0,4",0,0,0,0,0,"0,2",0,0,0,0,0,0,0,0,0,0,0,0,0,0,0,0,0,0,0,0,0,0,0,0,0,0,0,0,0,0,0,0,0,0,0,0,0,0,0,0,0,0,0,0,0,0,0,0,0,100
ERR11865342,"85,80246914","3,497942387",0,"6,378600823","0,6172839506","0,2057613169",0,0,"2,674897119",0,0,0,0,0,0,0,"0,8230452675",0,0,0,0,0,0,0,0,0,0,0,0,0,0,0,0,0,0,0,0,0,0,0,0,0,0,0,0,0,0,0,0,0,0,0,0,0,0,0,0,0,0,0,0,0,0,0,0,0,100
ERR11865344,"1,557632399","2,492211838",0,"0,6230529595","2,180685358","89,71962617",0,0,"3,115264798",0,"0,3115264798",0,0,0,0,0,0,0,0,0,0,0,0,0,0,0,0,0,0,0,0,0,0,0,0,0,0,0,0,0,0,0,0,0,0,0,0,0,0,0,0,0,0,0,0,0,0,0,0,0,0,0,0,0,0,0,100
ERR11865346,"64,67391304",0,0,"14,13043478","0,2717391304","14,94565217","0,2717391304",0,"4,891304348",0,"0,2717391304",0,0,0,0,0,"0,5434782609",0,0,0,0,0,0,0,0,0,0,0,0,0,0,0,0,0,0,0,0,0,0,0,0,0,0,0,0,0,0,0,0,0,0,0,0,0,0,0,0,0,0,0,0,0,0,0,0,0,100
ERR11865348,"80,20477816","0,6825938567",0,"14,33447099","2,389078498",0,0,0,"1,023890785",0,"1,023890785",0,0,0,0,0,0,0,0,0,0,"0,3412969283",0,0,0,0,0,0,0,0,0,0,0,0,0,0,0,0,0,0,0,0,0,0,0,0,0,0,0,0,0,0,0,0,0,0,0,0,0,0,0,0,0,0,0,0,100
ERR11865350,"73,88888889","0,5555555556",0,"21,94444444","2,222222222","0,5555555556",0,0,"0,5555555556",0,0,0,0,0,0,0,0,0,0,0,0,"0,2777777778",0,0,0,0,0,0,0,0,0,0,0,0,0,0,0,0,0,0,0,0,0,0,0,0,0,0,0,0,0,0,0,0,0,0,0,0,0,0,0,0,0,0,0,0,100
ERR11865352,"1,785714286",0,0,"83,92857143","1,785714286","6,25",0,0,"0,8928571429",0,"1,785714286",0,0,0,0,0,"3,571428571",0,0,0,0,0,0,0,0,0,0,0,0,0,0,0,0,0,0,0,0,0,0,0,0,0,0,0,0,0,0,0,0,0,0,0,0,0,0,0,0,0,0,0,0,0,0,0,0,0,100
ERR11865354,"1,754385965",0,0,"85,96491228",0,"7,01754386",0,0,"1,754385965",0,0,0,0,0,0,0,"3,50877193",0,0,0,0,0,0,0,0,0,0,0,0,0,0,0,0,0,0,0,0,0,0,0,0,0,0,0,0,0,0,0,0,0,0,0,0,0,0,0,0,0,0,0,0,0,0,0,0,0,100
ERR11865356,"82,5426945","2,087286528",0,"7,779886148","7,400379507",0,0,0,"0,1897533207",0,0,0,0,0,0,0,0,0,0,0,0,0,0,0,0,0,0,0,0,0,0,0,0,0,0,0,0,0,0,0,0,0,0,0,0,0,0,0,0,0,0,0,0,0,0,0,0,0,0,0,0,0,0,0,0,0,100
ERR11865358,"72,23587224","3,931203931",0,"13,02211302","10,56511057",0,0,0,"0,2457002457",0,0,0,0,0,0,0,0,0,0,0,0,0,0,0,0,0,0,0,0,0,0,0,0,0,0,0,0,0,0,0,0,0,0,0,0,0,0,0,0,0,0,0,0,0,0,0,0,0,0,0,0,0,0,0,0,0,100
ERR11865359,"50,64935065","12,33766234",0,"23,37662338","13,63636364",0,0,0,0,0,0,0,0,0,0,0,0,0,0,0,0,0,0,0,0,0,0,0,0,0,0,0,0,0,0,0,0,0,0,0,0,0,0,0,0,0,0,0,0,0,0,0,0,0,0,0,0,0,0,0,0,0,0,0,0,0,100
ERR11865360,0,"2,489626556","66,39004149","21,16182573","1,244813278",0,0,0,0,0,0,"8,713692946",0,0,0,0,0,0,0,0,0,0,0,0,0,0,0,0,0,0,0,0,0,0,0,0,0,0,0,0,0,0,0,0,0,0,0,0,0,0,0,0,0,0,0,0,0,0,0,0,0,0,0,0,0,0,100
ERR11865362,0,"1,694915254","41,24293785","42,93785311","1,129943503",0,0,0,0,"1,129943503","0,5649717514","10,16949153",0,0,0,0,0,0,0,0,0,"1,129943503",0,0,0,0,0,0,0,0,0,0,0,0,0,0,0,0,0,0,0,0,0,0,0,0,0,0,0,0,0,0,0,0,0,0,0,0,0,0,0,0,0,0,0,0,100
ERR11865364,33,8,0,5,"0,5",0,0,0,51,0,"2,5",0,0,0,0,0,0,0,0,0,0,0,0,0,0,0,0,0,0,0,0,0,0,0,0,0,0,0,0,0,0,0,0,0,0,0,0,0,0,0,0,0,0,0,0,0,0,0,0,0,0,0,0,0,0,0,100
ERR11865367,"71,65991903","0,4048582996",0,"22,26720648",0,0,0,0,"5,668016194",0,0,0,0,0,0,0,0,0,0,0,0,0,0,0,0,0,0,0,0,0,0,0,0,0,0,0,0,0,0,0,0,0,0,0,0,0,0,0,0,0,0,0,0,0,0,0,0,0,0,0,0,0,0,0,0,0,100
ERR11865369,"96,52294854",0,0,"1,529902643",0,0,0,0,"0,6954102921",0,"1,112656467",0,0,0,0,0,"0,1390820584",0,0,0,0,0,0,0,0,0,0,0,0,0,0,0,0,0,0,0,0,0,0,0,0,0,0,0,0,0,0,0,0,0,0,0,0,0,0,0,0,0,0,0,0,0,0,0,0,0,100
ERR11865371,"97,46835443",0,0,"1,265822785",0,"0,1582278481",0,0,"0,4746835443",0,"0,6329113924",0,0,0,0,0,0,0,0,0,0,0,0,0,0,0,0,0,0,0,0,0,0,0,0,0,0,0,0,0,0,0,0,0,0,0,0,0,0,0,0,0,0,0,0,0,0,0,0,0,0,0,0,0,0,0,100
ERR11865373,0,"0,7633587786","10,6870229","83,20610687",0,0,0,0,0,0,0,"5,34351145",0,0,0,0,0,0,0,0,0,0,0,0,0,0,0,0,0,0,0,0,0,0,0,0,0,0,0,0,0,0,0,0,0,0,0,0,0,0,0,0,0,0,0,0,0,0,0,0,0,0,0,0,0,0,100
ERR11865375,0,"1,183431953","33,72781065","49,70414201",0,0,0,0,0,"2,958579882",0,"10,65088757",0,0,0,0,0,0,0,"1,775147929",0,0,0,0,0,0,0,0,0,0,0,0,0,0,0,0,0,0,0,0,0,0,0,0,0,0,0,0,0,0,0,0,0,0,0,0,0,0,0,0,0,0,0,0,0,0,100
ERR11865377,0,"5,586592179","83,79888268","1,396648045","5,30726257",0,0,0,0,"0,2793296089",0,"3,351955307",0,0,0,0,0,0,0,0,0,0,0,0,0,"0,2793296089",0,0,0,0,0,0,0,0,0,0,0,0,0,0,0,0,0,0,0,0,0,0,0,0,0,0,0,0,0,0,0,0,0,0,0,0,0,0,0,0,100
ERR11865379,0,"3,785488959","81,38801262","7,255520505","1,577287066",0,0,0,0,"0,6309148265",0,"5,362776025",0,0,0,0,0,0,0,0,0,0,0,0,0,0,0,0,0,0,0,0,0,0,0,0,0,0,0,0,0,0,0,0,0,0,0,0,0,0,0,0,0,0,0,0,0,0,0,0,0,0,0,0,0,0,100
ERR11865381,0,"11,40939597","82,10290828","1,342281879","2,460850112",0,0,0,0,"2,460850112",0,"0,2237136465",0,0,0,0,0,0,0,0,0,0,0,0,0,0,0,0,0,0,0,0,0,0,0,0,0,0,0,0,0,0,0,0,0,0,0,0,0,0,0,0,0,0,0,0,0,0,0,0,0,0,0,0,0,0,100
ERR11865383,0,"5,681818182","77,27272727","9,46969697","1,893939394",0,0,0,0,"4,166666667",0,"1,136363636",0,0,0,0,0,0,0,0,0,"0,3787878788",0,0,0,0,0,0,0,0,0,0,0,0,0,0,0,0,0,0,0,0,0,0,0,0,0,0,0,0,0,0,0,0,0,0,0,0,0,0,0,0,0,0,0,0,100
ERR11865385,"69,91869919","3,25203252",0,"19,91869919","0,406504065","6,504065041",0,0,0,0,0,0,0,0,0,0,0,0,0,0,0,0,0,0,0,0,0,0,0,0,0,0,0,0,0,0,0,0,0,0,0,0,0,0,0,0,0,0,0,0,0,0,0,0,0,0,0,0,0,0,0,0,0,0,0,0,100
ERR11865387,"17,14285714","2,857142857",0,"64,76190476","0,9523809524","14,28571429",0,0,0,0,0,0,0,0,0,0,0,0,0,0,0,0,0,0,0,0,0,0,0,0,0,0,0,0,0,0,0,0,0,0,0,0,0,0,0,0,0,0,0,0,0,0,0,0,0,0,0,0,0,0,0,0,0,0,0,0,100
ERR11865389,0,"3,149606299","88,18897638",0,"8,661417323",0,0,0,0,0,0,0,0,0,0,0,0,0,0,0,0,0,0,0,0,0,0,0,0,0,0,0,0,0,0,0,0,0,0,0,0,0,0,0,0,0,0,0,0,0,0,0,0,0,0,0,0,0,0,0,0,0,0,0,0,0,100
ERR11865391,0,"3,134796238","84,63949843","5,329153605","6,269592476",0,0,0,0,"0,3134796238",0,"0,3134796238",0,0,0,0,0,0,0,0,0,0,0,0,0,0,0,0,0,0,0,0,0,0,0,0,0,0,0,0,0,0,0,0,0,0,0,0,0,0,0,0,0,0,0,0,0,0,0,0,0,0,0,0,0,0,100
ERR11865393,"27,27272727","2,597402597",0,"58,44155844","11,68831169",0,0,0,0,0,0,0,0,0,0,0,0,0,0,0,0,0,0,0,0,0,0,0,0,0,0,0,0,0,0,0,0,0,0,0,0,0,0,0,0,0,0,0,0,0,0,0,0,0,0,0,0,0,0,0,0,0,0,0,0,0,100
ERR11865395,"19,56521739","12,5",0,"45,10869565","22,2826087",0,0,0,0,"0,5434782609",0,0,0,0,0,0,0,0,0,0,0,0,0,0,0,0,0,0,0,0,0,0,0,0,0,0,0,0,0,0,0,0,0,0,0,0,0,0,0,0,0,0,0,0,0,0,0,0,0,0,0,0,0,0,0,0,100
ERR11865397,"17,15976331","0,5917159763",0,"39,64497041","13,60946746","28,99408284",0,0,0,0,0,0,0,0,0,0,0,0,0,0,0,0,0,0,0,0,0,0,0,0,0,0,0,0,0,0,0,0,0,0,0,0,0,0,0,0,0,0,0,0,0,0,0,0,0,0,0,0,0,0,0,0,0,0,0,0,100
ERR11865399,"8,823529412",0,0,"80,14705882","2,205882353","8,823529412",0,0,0,0,0,0,0,0,0,0,0,0,0,0,0,0,0,0,0,0,0,0,0,0,0,0,0,0,0,0,0,0,0,0,0,0,0,0,0,0,0,0,0,0,0,0,0,0,0,0,0,0,0,0,0,0,0,0,0,0,100
ERR11865401,"0,5917159763","1,775147929",0,"64,49704142","30,76923077",0,0,0,0,0,0,0,0,0,0,0,0,0,0,0,0,0,0,0,0,"2,366863905",0,0,0,0,0,0,0,0,0,0,0,0,0,0,0,0,0,0,0,0,0,0,0,0,0,0,0,0,0,0,0,0,0,0,0,0,0,0,0,0,100
ERR11865403,"0,487804878","10,73170732",0,"44,3902439","42,43902439",0,0,0,0,"0,487804878",0,0,0,0,0,0,0,0,0,0,0,0,0,0,0,"1,463414634",0,0,0,0,0,0,0,0,0,0,0,0,0,0,0,0,0,0,0,0,0,0,0,0,0,0,0,0,0,0,0,0,0,0,0,0,0,0,0,0,100
ERR11865405,"76,14814815","16,88888889",4,"0,4444444444","1,185185185","0,1481481481",0,0,0,0,"0,4444444444",0,0,0,0,0,"0,5925925926",0,0,0,0,0,0,0,0,"0,1481481481",0,0,0,0,0,0,0,0,0,0,0,0,0,0,0,0,0,0,0,0,0,0,0,0,0,0,0,0,0,0,0,0,0,0,0,0,0,0,0,0,100
ERR11865407,"82,59385666","7,849829352","6,598407281","0,7963594994","0,9101251422","0,2275312856",0,0,0,0,"0,3412969283",0,0,0,0,0,"0,6825938567",0,0,0,0,0,0,0,0,0,0,0,0,0,0,0,0,0,0,0,0,0,0,0,0,0,0,0,0,0,0,0,0,0,0,0,0,0,0,0,0,0,0,0,0,0,0,0,0,0,100
ERR11865409,"0,6756756757","1,351351351",0,"95,27027027","2,027027027",0,0,0,0,0,"0,6756756757",0,0,0,0,0,0,0,0,0,0,0,0,0,0,0,0,0,0,0,0,0,0,0,0,0,0,0,0,0,0,0,0,0,0,0,0,0,0,0,0,0,0,0,0,0,0,0,0,0,0,0,0,0,0,0,100
ERR11865411,"0,5524861878","6,629834254",0,"64,08839779","7,182320442","20,99447514",0,0,0,0,0,0,0,0,0,0,"0,5524861878",0,0,0,0,0,0,0,0,0,0,0,0,0,0,0,0,0,0,0,0,0,0,0,0,0,0,0,0,0,0,0,0,0,0,0,0,0,0,0,0,0,0,0,0,0,0,0,0,0,100
ERR11865413,"38,3518225","33,43898574","0,1584786054","0,1584786054","4,595879556","0,1584786054","1,426307448",0,"14,5800317",0,0,0,"6,973058637",0,0,0,"0,1584786054",0,0,0,0,0,0,0,0,0,0,0,0,0,0,0,0,0,0,0,0,0,0,0,0,0,0,0,0,0,0,0,0,0,0,0,0,0,0,0,0,0,0,0,0,0,0,0,0,0,100
ERR11865415,"40,98143236","45,22546419","0,1326259947","0,2652519894","4,641909814","0,1326259947","3,315649867",0,"4,50928382",0,0,0,"0,5305039788",0,0,0,"0,2652519894",0,0,0,0,0,0,0,0,0,0,0,0,0,0,0,0,0,0,0,0,0,0,0,0,0,0,0,0,0,0,0,0,0,0,0,0,0,0,0,0,0,0,0,0,0,0,0,0,0,100
ERR11865417,0,"3,718199609","58,90410959","2,739726027","2,152641879",0,0,0,0,0,0,"32,4853229",0,0,0,0,0,0,0,0,0,0,0,0,0,0,0,0,0,0,0,0,0,0,0,0,0,0,0,0,0,0,0,0,0,0,0,0,0,0,0,0,0,0,0,0,0,0,0,0,0,0,0,0,0,0,100
ERR11865419,"0,6024096386","3,313253012","57,22891566","15,6626506","2,108433735",0,0,0,0,"0,3012048193",0,"20,48192771",0,0,0,0,0,0,0,0,0,"0,3012048193",0,0,0,0,0,0,0,0,0,0,0,0,0,0,0,0,0,0,0,0,0,0,0,0,0,0,0,0,0,0,0,0,0,0,0,0,0,0,0,0,0,0,0,0,100
ERR11865421,"0,9174311927",0,0,"99,08256881",0,0,0,0,0,0,0,0,0,0,0,0,0,0,0,0,0,0,0,0,0,0,0,0,0,0,0,0,0,0,0,0,0,0,0,0,0,0,0,0,0,0,0,0,0,0,0,0,0,0,0,0,0,0,0,0,0,0,0,0,0,0,100
ERR11865423,"0,826446281",0,0,"99,17355372",0,0,0,0,0,0,0,0,0,0,0,0,0,0,0,0,0,0,0,0,0,0,0,0,0,0,0,0,0,0,0,0,0,0,0,0,0,0,0,0,0,0,0,0,0,0,0,0,0,0,0,0,0,0,0,0,0,0,0,0,0,0,100
ERR11865425,0,"4,089219331","68,40148699","24,9070632","1,858736059",0,0,0,0,0,0,"0,7434944238",0,0,0,0,0,0,0,0,0,0,0,0,0,0,0,0,0,0,0,0,0,0,0,0,0,0,0,0,0,0,0,0,0,0,0,0,0,0,0,0,0,0,0,0,0,0,0,0,0,0,0,0,0,0,100
ERR11865427,0,"4,179104478","74,02985075","18,50746269","2,388059701",0,0,0,0,0,0,"0,8955223881",0,0,0,0,0,0,0,0,0,0,0,0,0,0,0,0,0,0,0,0,0,0,0,0,0,0,0,0,0,0,0,0,0,0,0,0,0,0,0,0,0,0,0,0,0,0,0,0,0,0,0,0,0,0,100
ERR11865429,"15,83333333",0,0,"84,16666667",0,0,0,0,0,0,0,0,0,0,0,0,0,0,0,0,0,0,0,0,0,0,0,0,0,0,0,0,0,0,0,0,0,0,0,0,0,0,0,0,0,0,0,0,0,0,0,0,0,0,0,0,0,0,0,0,0,0,0,0,0,0,100
ERR11865431,"11,25",0,0,"86,25",0,0,0,0,0,"1,875",0,0,0,0,0,0,"0,625",0,0,0,0,0,0,0,0,0,0,0,0,0,0,0,0,0,0,0,0,0,0,0,0,0,0,0,0,0,0,0,0,0,0,0,0,0,0,0,0,0,0,0,0,0,0,0,0,0,100
ERR11865433,0,"7,090464548","82,6405868","0,97799511","5,134474328",0,0,0,0,"4,156479218",0,0,0,0,0,0,0,0,0,0,0,0,0,0,0,0,0,0,0,0,0,0,0,0,0,0,0,0,0,0,0,0,0,0,0,0,0,0,0,0,0,0,0,0,0,0,0,0,0,0,0,0,0,0,0,0,100
ERR11865435,"0,3311258278","5,298013245","72,18543046","14,90066225","2,98013245",0,0,0,0,"4,304635762",0,0,0,0,0,0,0,0,0,0,0,0,0,0,0,0,0,0,0,0,0,0,0,0,0,0,0,0,0,0,0,0,0,0,0,0,0,0,0,0,0,0,0,0,0,0,0,0,0,0,0,0,0,0,0,0,100
ERR11865437,"9,812108559","69,93736952","0,2087682672","0,8350730689","7,098121086",0,0,0,"12,1085595",0,0,0,0,0,0,0,0,0,0,0,0,0,0,0,0,0,0,0,0,0,0,0,0,0,0,0,0,0,0,0,0,0,0,0,0,0,0,0,0,0,0,0,0,0,0,0,0,0,0,0,0,0,0,0,0,0,100
ERR11865439,"71,34935305","16,8207024",0,"3,881700555","2,772643253","0,1848428835",0,0,"4,251386322",0,0,0,0,0,0,0,"0,7393715342",0,0,0,0,0,0,0,0,0,0,0,0,0,0,0,0,0,0,0,0,0,0,0,0,0,0,0,0,0,0,0,0,0,0,0,0,0,0,0,0,0,0,0,0,0,0,0,0,0,100
ERR11865441,"95,81673307",0,0,"2,589641434","0,796812749","0,3984063745",0,0,0,0,"0,1992031873",0,0,0,0,0,"0,1992031873",0,0,0,0,0,0,0,0,0,0,0,0,0,0,0,0,0,0,0,0,0,0,0,0,0,0,0,0,0,0,0,0,0,0,0,0,0,0,0,0,0,0,0,0,0,0,0,0,0,100
ERR11865443,"10,07751938",0,0,"75,19379845","4,651162791","10,07751938",0,0,0,0,0,0,0,0,0,0,0,0,0,0,0,0,0,0,0,0,0,0,0,0,0,0,0,0,0,0,0,0,0,0,0,0,0,0,0,0,0,0,0,0,0,0,0,0,0,0,0,0,0,0,0,0,0,0,0,0,100
ERR11865445,0,"1,601830664","35,92677346","3,203661327","2,288329519",0,0,0,0,"43,93592677","0,2288329519","12,81464531",0,0,0,0,0,0,0,0,0,0,0,0,0,0,0,0,0,0,0,0,0,0,0,0,0,0,0,0,0,0,0,0,0,0,0,0,0,0,0,0,0,0,0,0,0,0,0,0,0,0,0,0,0,0,100
ERR11865447,0,"0,2192982456","4,166666667","3,289473684","0,2192982456",0,0,0,0,"88,81578947","0,2192982456","2,850877193",0,0,0,0,0,0,0,0,0,"0,2192982456",0,0,0,0,0,0,0,0,0,0,0,0,0,0,0,0,0,0,0,0,0,0,0,0,0,0,0,0,0,0,0,0,0,0,0,0,0,0,0,0,0,0,0,0,100
ERR11865449,"85,62091503","1,14379085","8,986928105","1,14379085","0,9803921569","0,4901960784","0,8169934641",0,"0,1633986928",0,0,0,0,0,0,0,"0,1633986928",0,0,0,0,0,0,0,0,"0,4901960784",0,0,0,0,0,0,0,0,0,0,0,0,0,0,0,0,0,0,0,0,0,0,0,0,0,0,0,0,0,0,0,0,0,0,0,0,0,0,0,0,100
ERR11865451,"64,76377953","1,968503937","21,8503937","0,9842519685","2,559055118","2,362204724","3,346456693",0,0,0,"0,1968503937",0,0,0,0,0,"0,1968503937",0,0,0,0,"0,1968503937",0,0,0,"1,57480315",0,0,0,0,0,0,0,0,0,0,0,0,0,0,0,0,0,0,0,0,0,0,0,0,0,0,0,0,0,0,0,0,0,0,0,0,0,0,0,0,100
ERR11865453,"69,97971602","7,302231237","11,96754564","2,636916836","7,099391481","0,2028397566",0,0,0,0,0,0,0,0,0,0,"0,8113590264",0,0,0,0,0,0,0,0,0,0,0,0,0,0,0,0,0,0,0,0,0,0,0,0,0,0,0,0,0,0,0,0,0,0,0,0,0,0,0,0,0,0,0,0,0,0,0,0,0,100
ERR11865455,"70,56179775","4,719101124","15,28089888","4,04494382","3,595505618","0,2247191011",0,0,0,"0,8988764045",0,0,0,0,0,0,"0,6741573034",0,0,0,0,0,0,0,0,0,0,0,0,0,0,0,0,0,0,0,0,0,0,0,0,0,0,0,0,0,0,0,0,0,0,0,0,0,0,0,0,0,0,0,0,0,0,0,0,0,100
ERR11865457,0,"3,107344633","76,27118644","3,107344633",0,0,0,0,0,"12,42937853",0,"4,802259887",0,0,0,0,0,0,0,0,0,"0,2824858757",0,0,0,0,0,0,0,0,0,0,0,0,0,0,0,0,0,0,0,0,0,0,0,0,0,0,0,0,0,0,0,0,0,0,0,0,0,0,0,0,0,0,0,0,100
ERR11865459,"0,4672897196","0,9345794393","21,02803738","29,43925234",0,0,0,0,0,"6,542056075",0,"41,58878505",0,0,0,0,0,0,0,0,0,0,0,0,0,0,0,0,0,0,0,0,0,0,0,0,0,0,0,0,0,0,0,0,0,0,0,0,0,0,0,0,0,0,0,0,0,0,0,0,0,0,0,0,0,0,100
ERR11865461,"89,7993311","4,849498328","0,5016722408","2,173913043","0,8361204013","0,6688963211",0,0,"0,3344481605",0,"0,6688963211",0,0,0,0,0,"0,1672240803",0,0,0,0,0,0,0,0,0,0,0,0,0,0,0,0,0,0,0,0,0,0,0,0,0,0,0,0,0,0,0,0,0,0,0,0,0,0,0,0,0,0,0,0,0,0,0,0,0,100
ERR11865463,"89,39670932","3,839122486","0,9140767824","1,828153565","2,010968921","1,279707495",0,0,0,"0,1828153565","0,5484460695",0,0,0,0,0,0,0,0,0,0,0,0,0,0,0,0,0,0,0,0,0,0,0,0,0,0,0,0,0,0,0,0,0,0,0,0,0,0,0,0,0,0,0,0,0,0,0,0,0,0,0,0,0,0,0,100
ERR11865465,"1,680672269","5,882352941",0,"84,03361345","0,8403361345","7,56302521",0,0,0,0,0,0,0,0,0,0,0,0,0,0,0,0,0,0,0,0,0,0,0,0,0,0,0,0,0,0,0,0,0,0,0,0,0,0,0,0,0,0,0,0,0,0,0,0,0,0,0,0,0,0,0,0,0,0,0,0,100
ERR11865467,"1,075268817","44,08602151",0,"48,38709677","3,225806452","3,225806452",0,0,0,0,0,0,0,0,0,0,0,0,0,0,0,0,0,0,0,0,0,0,0,0,0,0,0,0,0,0,0,0,0,0,0,0,0,0,0,0,0,0,0,0,0,0,0,0,0,0,0,0,0,0,0,0,0,0,0,0,100
ERR11865469,"20,57416268","66,74641148","0,2392344498","0,2392344498","11,48325359",0,"0,2392344498",0,"0,2392344498",0,0,0,0,0,0,0,0,0,0,0,0,0,0,0,0,0,"0,2392344498",0,0,0,0,0,0,0,0,0,0,0,0,0,0,0,0,0,0,0,0,0,0,0,0,0,0,0,0,0,0,0,0,0,0,0,0,0,0,0,100
ERR11865471,"75,76687117","19,32515337","0,1533742331","0,6134969325","2,914110429",0,"0,1533742331",0,"0,7668711656",0,0,0,0,0,0,0,"0,3067484663",0,0,0,0,0,0,0,0,0,0,0,0,0,0,0,0,0,0,0,0,0,0,0,0,0,0,0,0,0,0,0,0,0,0,0,0,0,0,0,0,0,0,0,0,0,0,0,0,0,100
ERR11865473,0,"2,597402597","68,83116883","19,04761905","6,060606061",0,0,0,0,0,0,"3,463203463",0,0,0,0,0,0,0,0,0,0,0,0,0,0,0,0,0,0,0,0,0,0,0,0,0,0,0,0,0,0,0,0,0,0,0,0,0,0,0,0,0,0,0,0,0,0,0,0,0,0,0,0,0,0,100
ERR11865475,0,"2,752293578","66,51376147","25,68807339","1,834862385","0,4587155963",0,0,0,"0,4587155963",0,"2,293577982",0,0,0,0,0,0,0,0,0,0,0,0,0,0,0,0,0,0,0,0,0,0,0,0,0,0,0,0,0,0,0,0,0,0,0,0,0,0,0,0,0,0,0,0,0,0,0,0,0,0,0,0,0,0,100
ERR11865477,"1,123595506",0,0,"98,87640449",0,0,0,0,0,0,0,0,0,0,0,0,0,0,0,0,0,0,0,0,0,0,0,0,0,0,0,0,0,0,0,0,0,0,0,0,0,0,0,0,0,0,0,0,0,0,0,0,0,0,0,0,0,0,0,0,0,0,0,0,0,0,100
ERR11865479,"1,25",0,0,"98,125",0,0,0,0,0,0,0,0,0,0,0,0,"0,625",0,0,0,0,0,0,0,0,0,0,0,0,0,0,0,0,0,0,0,0,0,0,0,0,0,0,0,0,0,0,0,0,0,0,0,0,0,0,0,0,0,0,0,0,0,0,0,0,0,100
ERR11865481,"95,1171875","0,390625",0,"2,34375","0,5859375",0,0,0,"0,390625",0,0,0,0,0,0,0,"1,171875",0,0,0,0,0,0,0,0,0,0,0,0,0,0,0,0,0,0,0,0,0,0,0,0,0,0,0,0,0,0,0,0,0,0,0,0,0,0,0,0,0,0,0,0,0,0,0,0,0,100
ERR11865483,"91,13636364","0,9090909091",0,"5,227272727","0,9090909091","0,2272727273",0,0,"0,2272727273",0,"0,2272727273",0,0,0,0,0,"0,9090909091",0,0,0,0,"0,2272727273",0,0,0,0,0,0,0,0,0,0,0,0,0,0,0,0,0,0,0,0,0,0,0,0,0,0,0,0,0,0,0,0,0,0,0,0,0,0,0,0,0,0,0,0,100
ERR11865485,"94,92635025","0,3273322422",0,"0,8183306056","1,800327332","0,6546644845",0,0,"0,3273322422",0,"0,9819967267",0,0,0,0,0,0,0,0,0,0,0,0,0,0,"0,1636661211",0,0,0,0,0,0,0,0,0,0,0,0,0,0,0,0,0,0,0,0,0,0,0,0,0,0,0,0,0,0,0,0,0,0,0,0,0,0,0,0,100
ERR11865487,"81,61616162","5,454545455",0,"0,8080808081","7,272727273","2,828282828",0,0,0,"0,202020202","1,01010101",0,0,0,0,0,0,0,0,0,0,"0,202020202",0,0,0,"0,6060606061",0,0,0,0,0,0,0,0,0,0,0,0,0,0,0,0,0,0,0,0,0,0,0,0,0,0,0,0,0,0,0,0,0,0,0,0,0,0,0,0,100
ERR11865489,"10,41666667","2,083333333",0,"87,5",0,0,0,0,0,0,0,0,0,0,0,0,0,0,0,0,0,0,0,0,0,0,0,0,0,0,0,0,0,0,0,0,0,0,0,0,0,0,0,0,0,0,0,0,0,0,0,0,0,0,0,0,0,0,0,0,0,0,0,0,0,0,100
ERR11865491,"8,411214953","3,738317757",0,"87,85046729",0,0,0,0,0,0,0,0,0,0,0,0,0,0,0,0,0,0,0,0,0,0,0,0,0,0,0,0,0,0,0,0,0,0,0,0,0,0,0,0,0,0,0,0,0,0,0,0,0,0,0,0,0,0,0,0,0,0,0,0,0,0,100
ERR11865493,0,"4,290429043","82,17821782","8,580858086","4,620462046","0,3300330033",0,0,0,0,0,0,0,0,0,0,0,0,0,0,0,0,0,0,0,0,0,0,0,0,0,0,0,0,0,0,0,0,0,0,0,0,0,0,0,0,0,0,0,0,0,0,0,0,0,0,0,0,0,0,0,0,0,0,0,0,100
ERR11865495,"0,6756756757","2,027027027","42,56756757","43,24324324","2,027027027","9,459459459",0,0,0,0,0,0,0,0,0,0,0,0,0,0,0,0,0,0,0,0,0,0,0,0,0,0,0,0,0,0,0,0,0,0,0,0,0,0,0,0,0,0,0,0,0,0,0,0,0,0,0,0,0,0,0,0,0,0,0,0,100
ERR11865497,"51,14942529",0,0,"45,40229885",0,"2,298850575","0,5747126437",0,0,0,0,0,0,0,0,0,"0,5747126437",0,0,0,0,0,0,0,0,0,0,0,0,0,0,0,0,0,0,0,0,0,0,0,0,0,0,0,0,0,0,0,0,0,0,0,0,0,0,0,0,0,0,0,0,0,0,0,0,0,100
ERR11865499,"35,71428571",0,0,"56,42857143",0,"7,857142857",0,0,0,0,0,0,0,0,0,0,0,0,0,0,0,0,0,0,0,0,0,0,0,0,0,0,0,0,0,0,0,0,0,0,0,0,0,0,0,0,0,0,0,0,0,0,0,0,0,0,0,0,0,0,0,0,0,0,0,0,100
ERR11865501,"0,4830917874","21,73913043",0,"9,178743961","51,93236715",0,0,0,0,"0,4830917874","0,2415458937",0,0,0,0,0,0,0,0,0,0,0,0,0,0,"10,14492754",0,0,0,0,0,0,0,0,0,0,0,"5,797101449",0,0,0,0,0,0,0,0,0,0,0,0,0,0,0,0,0,0,0,0,0,0,0,0,0,0,0,0,100
ERR11865503,"0,8196721311","30,32786885",0,"25,81967213","35,6557377",0,0,0,0,"1,639344262",0,0,0,0,0,0,0,0,0,0,0,0,0,0,0,"2,049180328",0,0,0,0,0,0,0,0,0,0,0,"3,68852459",0,0,0,0,0,0,0,0,0,0,0,0,0,0,0,0,0,0,0,0,0,0,0,0,0,0,0,0,100
ERR11865508,"0,9174311927","0,9174311927","15,59633028","69,72477064","0,9174311927","11,00917431",0,0,0,"0,9174311927",0,0,0,0,0,0,0,0,0,0,0,0,0,0,0,0,0,0,0,0,0,0,0,0,0,0,0,0,0,0,0,0,0,0,0,0,0,0,0,0,0,0,0,0,0,0,0,0,0,0,0,0,0,0,0,0,100
ERR11865509,"1,028277635","69,92287918","0,5141388175",0,"9,768637532","18,76606684",0,0,0,0,0,0,0,0,0,0,0,0,0,0,0,0,0,0,0,0,0,0,0,0,0,0,0,0,0,0,0,0,0,0,0,0,0,0,0,0,0,0,0,0,0,0,0,0,0,0,0,0,0,0,0,0,0,0,0,0,100
ERR11865511,"17,16566866","70,05988024","0,1996007984","0,1996007984","4,790419162","7,584830339",0,0,0,0,0,0,0,0,0,0,0,0,0,0,0,0,0,0,0,0,0,0,0,0,0,0,0,0,0,0,0,0,0,0,0,0,0,0,0,0,0,0,0,0,0,0,0,0,0,0,0,0,0,0,0,0,0,0,0,0,100
ERR11865538,"1,515151515","49,09090909","0,303030303","3,939393939","43,48484848",0,"0,1515151515",0,0,0,0,0,"0,1515151515",0,0,0,0,0,0,"0,1515151515",0,0,0,0,0,0,"1,212121212",0,0,0,0,0,0,0,0,0,0,0,0,0,0,0,0,0,0,0,0,0,0,0,0,0,0,0,0,0,0,0,0,0,0,0,0,0,0,0,100
ERR11865540,0,"2,272727273",0,"90,90909091","1,136363636","3,409090909",0,"1,136363636",0,"1,136363636",0,0,0,0,0,0,0,0,0,0,0,0,0,0,0,0,0,0,0,0,0,0,0,0,0,0,0,0,0,0,0,0,0,0,0,0,0,0,0,0,0,0,0,0,0,0,0,0,0,0,0,0,0,0,0,0,100
ERR11865542,0,"18,07511737",0,"5,868544601","8,215962441","0,234741784",0,"59,62441315",0,"1,877934272","2,112676056",0,0,0,0,0,0,0,"2,816901408","1,17370892",0,0,0,0,0,0,0,0,0,0,0,0,0,0,0,0,0,0,0,0,0,0,0,0,0,0,0,0,0,0,0,0,0,0,0,0,0,0,0,0,0,0,0,0,0,0,100
ERR11865544,0,"4,166666667",0,"84,16666667","2,5",0,0,"1,666666667",0,"0,8333333333",0,0,0,0,0,0,0,0,0,"6,666666667",0,0,0,0,0,0,0,0,0,0,0,0,0,0,0,0,0,0,0,0,0,0,0,0,0,0,0,0,0,0,0,0,0,0,0,0,0,0,0,0,0,0,0,0,0,0,100
ERR11865546,"0,9732360097","53,28467153","0,2433090024","13,86861314","22,87104623",0,"0,9732360097",0,0,"0,9732360097",0,0,"0,2433090024",0,0,0,0,0,0,"0,7299270073",0,0,0,0,0,0,"5,839416058",0,0,0,0,0,0,0,0,0,0,0,0,0,0,0,0,0,0,0,0,0,0,0,0,0,0,0,0,0,0,0,0,0,0,0,0,0,0,0,100
ERR11865548,"2,222222222","14,07407407",0,"61,48148148","7,407407407",0,"4,444444444",0,0,"0,7407407407",0,0,0,0,0,0,0,0,0,"5,925925926",0,0,0,0,0,0,"3,703703704",0,0,0,0,0,0,0,0,0,0,0,0,0,0,0,0,0,0,0,0,0,0,0,0,0,0,0,0,0,0,0,0,0,0,0,0,0,0,0,100
ERR11865552,"6,837606838","10,25641026",0,"76,06837607","5,128205128",0,0,0,0,0,0,0,0,0,0,0,0,0,0,"1,709401709",0,0,0,0,0,0,0,0,0,0,0,0,0,0,0,0,0,0,0,0,0,0,0,0,0,0,0,0,0,0,0,0,0,0,0,0,0,0,0,0,0,0,0,0,0,0,100
ERR11865554,"0,5494505495","53,2967033","0,2747252747","14,28571429","23,35164835","0,2747252747","0,2747252747",0,0,"1,648351648",0,0,"0,2747252747",0,0,0,0,0,0,"2,472527473",0,0,0,0,0,0,"3,296703297",0,0,0,0,0,0,0,0,0,0,0,0,0,0,0,0,0,0,0,0,0,0,0,0,0,0,0,0,0,0,0,0,0,0,0,0,0,0,0,100
ERR11865556,0,"4,62962963",0,"87,03703704","1,851851852","0,9259259259",0,0,0,0,0,0,0,0,0,0,0,0,0,"5,555555556",0,0,0,0,0,0,0,0,0,0,0,0,0,0,0,0,0,0,0,0,0,0,0,0,0,0,0,0,0,0,0,0,0,0,0,0,0,0,0,0,0,0,0,0,0,0,100
ERR11865558,0,"5,084745763",0,"75,42372881","2,542372881",0,0,"16,10169492",0,0,0,0,0,0,0,0,0,0,"0,8474576271",0,0,0,0,0,0,0,0,0,0,0,0,0,0,0,0,0,0,0,0,0,0,0,0,0,0,0,0,0,0,0,0,0,0,0,0,0,0,0,0,0,0,0,0,0,0,0,100
ERR11865560,0,"2,173913043",0,"94,56521739","1,086956522",0,0,"1,086956522",0,"1,086956522",0,0,0,0,0,0,0,0,0,0,0,0,0,0,0,0,0,0,0,0,0,0,0,0,0,0,0,0,0,0,0,0,0,0,0,0,0,0,0,0,0,0,0,0,0,0,0,0,0,0,0,0,0,0,0,0,100
ERR14783384,0,"47,12643678","4,022988506",0,"22,4137931",0,"10,91954023",0,"13,2183908",0,"2,298850575",0,0,0,0,0,0,0,0,0,0,0,0,0,0,0,0,0,0,0,0,0,0,0,0,0,0,0,0,0,0,0,0,0,0,0,0,0,0,0,0,0,0,0,0,0,0,0,0,0,0,0,0,0,0,0,100
ERR14783386,0,"2,636916836","1,014198783",0,"9,736308316",0,"73,22515213",0,"13,18458418",0,"0,2028397566",0,0,0,0,0,0,0,0,0,0,0,0,0,0,0,0,0,0,0,0,0,0,0,0,0,0,0,0,0,0,0,0,0,0,0,0,0,0,0,0,0,0,0,0,0,0,0,0,0,0,0,0,0,0,0,100
ERR14783390,0,"21,73913043","18,84057971",0,"47,82608696",0,0,0,0,0,"8,695652174",0,0,0,0,0,0,0,0,0,0,0,0,0,0,0,0,0,0,0,0,0,0,0,0,0,0,0,0,0,0,0,0,0,0,0,0,0,0,0,0,0,0,0,0,0,0,0,"2,898550725",0,0,0,0,0,0,0,100
ERR14783391,0,"38,35616438","19,17808219",0,"34,24657534",0,0,0,0,0,"5,479452055",0,0,0,0,0,0,0,0,0,0,0,0,0,0,0,0,0,0,0,0,0,0,0,0,0,0,0,0,0,0,0,0,0,0,0,0,0,0,0,0,0,0,0,0,0,0,0,"1,369863014",0,0,0,"1,369863014",0,0,0,100
ERR14783392,0,"91,19402985","2,089552239",0,"6,417910448",0,0,0,0,0,"0,2985074627",0,0,0,0,0,0,0,0,0,0,0,0,0,0,0,0,0,0,0,0,0,0,0,0,0,0,0,0,0,0,0,0,0,0,0,0,0,0,0,0,0,0,0,0,0,0,0,0,0,0,0,0,0,0,0,100
ERR14783399,"86,30319149","7,313829787","0,7978723404","0,9308510638","1,462765957","1,196808511",0,0,0,"0,9308510638","0,1329787234",0,0,0,0,0,0,0,0,0,0,"0,9308510638",0,0,0,0,0,0,0,0,0,0,0,0,0,0,0,0,0,0,0,0,0,0,0,0,0,0,0,0,0,0,0,0,0,0,0,0,0,0,0,0,0,0,0,0,100
ERR14783400,"7,476635514","51,09034268","26,79127726",0,"10,59190031","1,246105919",0,0,0,"0,6230529595",0,0,0,0,0,0,0,"1,869158879",0,0,0,"0,3115264798",0,0,0,0,0,0,0,0,0,0,0,0,0,0,0,0,0,0,0,0,0,0,0,0,0,0,0,0,0,0,0,0,0,0,0,0,0,0,0,0,0,0,0,0,100
ERR14783401,"79,97010463","9,865470852","0,2989536622","0,8968609865","3,288490284","1,046337818",0,0,0,"0,2989536622","0,7473841555",0,0,0,0,0,0,0,"3,437967115",0,0,"0,1494768311",0,0,0,0,0,0,0,0,0,0,0,0,0,0,0,0,0,0,0,0,0,0,0,0,0,0,0,0,0,0,0,0,0,0,0,0,0,0,0,0,0,0,0,0,100
ERR14783402,0,"7,272727273","1,363636364",0,"82,72727273","2,5",0,0,0,"1,136363636","2,954545455",0,0,0,0,0,0,0,0,0,0,0,0,0,0,0,0,0,"0,6818181818",0,"1,363636364",0,0,0,0,0,0,0,0,0,0,0,0,0,0,0,0,0,0,0,0,0,0,0,0,0,0,0,0,0,0,0,0,0,0,0,100
ERR14783408,0,30,"12,85714286",0,"12,14285714","23,21428571","4,642857143",0,0,"0,7142857143","1,428571429",0,0,0,0,0,0,0,0,0,"11,07142857",0,0,0,0,0,0,0,0,0,0,0,0,"3,214285714",0,0,0,0,0,0,0,0,"0,7142857143",0,0,0,0,0,0,0,0,0,0,0,0,0,0,0,0,0,0,0,0,0,0,0,100
ERR14783409,0,"9,85915493","54,92957746",0,"1,643192488","27,9342723","0,234741784",0,0,"4,460093897","0,234741784",0,0,0,0,0,0,0,0,0,"0,4694835681",0,0,0,0,0,0,0,0,0,0,0,0,"0,234741784",0,0,0,0,0,0,0,0,0,0,0,0,0,0,0,0,0,0,0,0,0,0,0,0,0,0,0,0,0,0,0,0,100
ERR14783410,40,"3,75","11,07142857","0,1785714286","1,071428571","20,35714286","22,67857143",0,0,"0,7142857143",0,0,0,0,0,0,0,0,0,0,"0,1785714286",0,0,0,0,0,0,0,0,0,0,0,0,0,0,0,0,0,0,0,0,0,0,0,0,0,0,0,0,0,0,0,0,0,0,0,0,0,0,0,0,0,0,0,0,0,100
ERR14783411,"53,08880309","2,895752896","2,123552124",0,"2,50965251","9,073359073","29,15057915",0,0,"0,9652509653",0,0,0,0,0,0,0,0,0,0,"0,1930501931",0,0,0,0,0,0,0,0,0,0,0,0,0,0,0,0,0,0,0,0,0,0,0,0,0,0,0,0,0,0,0,0,0,0,0,0,0,0,0,0,0,0,0,0,0,100
ERR14783418,0,"65,39379475","20,28639618",0,"9,785202864",0,0,"0,2386634845",0,"3,102625298","0,7159904535",0,0,0,0,0,0,0,0,0,0,"0,477326969",0,0,0,0,0,0,0,0,0,0,0,0,0,0,0,0,0,0,0,0,0,0,0,0,0,0,0,0,0,0,0,0,0,0,0,0,0,0,0,0,0,0,0,0,100
ERR14783424,0,"1,069518717","3,20855615","28,87700535",0,0,"1,604278075",0,"59,89304813",0,"4,812834225",0,0,0,0,0,"0,5347593583",0,0,0,0,0,0,0,0,0,0,0,0,0,0,0,0,0,0,0,0,0,0,0,0,0,0,0,0,0,0,0,0,0,0,0,0,0,0,0,0,0,0,0,0,0,0,0,0,0,100
ERR14783425,"26,23574144","4,942965779","22,81368821","1,140684411","1,520912548",0,"38,40304183",0,0,"0,3802281369","2,661596958",0,0,0,0,0,0,0,0,0,0,"0,7604562738",0,0,0,0,0,0,0,0,0,0,0,0,0,0,0,0,0,0,0,0,0,0,0,0,0,0,0,0,0,0,"1,140684411",0,0,0,0,0,0,0,0,0,0,0,0,0,100
ERR14783426,0,"21,07023411","54,84949833",0,"5,016722408",0,0,0,"0,3344481605","6,02006689","3,010033445",0,0,0,0,0,0,0,"6,35451505",0,0,"3,344481605",0,0,0,0,0,0,0,0,0,0,0,0,0,0,0,0,0,0,0,0,0,0,0,0,0,0,0,0,0,0,0,0,0,0,0,0,0,0,0,0,0,0,0,0,100
ERR14783427,"0,5524861878","12,70718232","3,314917127","80,66298343","0,5524861878",0,0,0,0,0,"0,5524861878",0,0,0,0,0,"1,657458564",0,0,0,0,0,0,0,0,0,0,0,0,0,0,0,0,0,0,0,0,0,0,0,0,0,0,0,0,0,0,0,0,0,0,0,0,0,0,0,0,0,0,0,0,0,0,0,0,0,100
ERR14783429,0,"7,606263982","65,54809843","21,02908277","2,908277405","1,118568233",0,0,0,"1,118568233","0,2237136465",0,0,0,0,0,0,0,0,0,0,"0,4474272931",0,0,0,0,0,0,0,0,0,0,0,0,0,0,0,0,0,0,0,0,0,0,0,0,0,0,0,0,0,0,0,0,0,0,0,0,0,0,0,0,0,0,0,0,100
ERR14783433,"16,42036125","6,732348112","0,9852216749","0,1642036125","2,298850575","2,955665025","65,68144499",0,"1,149425287","2,463054187","0,4926108374",0,0,0,0,0,0,0,0,0,0,0,0,0,0,0,0,0,0,0,0,0,0,0,0,0,0,0,"0,6568144499",0,0,0,0,0,0,0,0,0,0,0,0,0,0,0,0,0,0,0,0,0,0,0,0,0,0,0,100
ERR14783434,"86,49681529","2,802547771","1,146496815","0,6369426752","1,401273885","5,987261146","0,127388535",0,0,"0,8917197452","0,2547770701",0,0,0,0,0,0,0,0,0,0,"0,2547770701",0,0,0,0,0,0,0,0,0,0,0,0,0,0,0,0,0,0,0,0,0,0,0,0,0,0,0,0,0,0,0,0,0,0,0,0,0,0,0,0,0,0,0,0,100
ERR14783439,0,"0,9708737864","2,912621359",0,"38,83495146",0,"1,941747573",0,0,"17,47572816","4,368932039",0,0,0,0,0,0,0,0,"0,4854368932","20,87378641","0,4854368932",0,0,0,0,0,0,0,0,0,0,0,"7,281553398","1,45631068",0,0,0,0,0,0,0,"2,912621359",0,0,0,0,0,0,0,0,0,0,0,0,0,0,0,0,0,0,0,0,0,0,0,100
ERR14783440,"87,19512195","1,676829268","1,676829268","3,506097561","0,762195122",0,"0,1524390244",0,0,"0,1524390244","0,1524390244",0,0,0,0,0,0,0,0,"4,268292683","0,3048780488",0,0,0,0,0,0,0,0,0,0,0,0,"0,1524390244",0,0,0,0,0,0,0,0,0,0,0,0,0,0,0,0,0,0,0,0,0,0,0,0,0,0,0,0,0,0,0,0,100
ERR14783441,"0,2645502646","17,98941799","31,48148148",0,"7,936507937","0,2645502646",0,0,"15,87301587","0,5291005291","3,174603175",0,"2,380952381",0,0,0,0,0,"2,645502646","7,936507937",0,"0,7936507937",0,0,0,0,0,0,0,0,"0,2645502646",0,"0,2645502646",0,"8,201058201",0,0,0,0,0,0,0,0,0,0,0,0,0,0,0,0,0,0,0,0,0,0,0,0,0,0,0,0,0,0,0,100
ERR14783442,0,50,"11,38613861","1,485148515","10,89108911",0,0,0,"0,9900990099","5,445544554","4,455445545",0,"0,9900990099",0,0,0,0,0,0,"4,455445545",0,"5,445544554",0,0,0,0,0,0,0,0,0,0,0,0,"1,98019802",0,0,0,0,0,0,0,0,0,0,0,0,0,0,0,0,0,0,0,0,0,"2,475247525",0,0,0,0,0,0,0,0,0,100
ERR14783446,0,"1,438848921","15,10791367",0,"57,55395683",0,0,0,"0,7194244604","0,7194244604","10,07194245",0,"0,7194244604",0,0,0,0,0,0,0,"5,035971223","1,438848921",0,0,0,0,0,0,0,0,0,0,0,"1,438848921",0,0,0,0,0,0,0,0,0,0,0,"0,7194244604",0,0,0,"5,035971223",0,0,0,0,0,0,0,0,0,0,0,0,0,0,0,0,100
ERR14783447,0,"16,41791045","9,168443497",0,"37,10021322",0,"0,2132196162","0,2132196162","1,492537313","0,4264392324","7,8891258","0,6396588486","23,24093817",0,"0,2132196162",0,0,"0,2132196162",0,0,"0,2132196162",0,"0,8528784648","0,2132196162",0,0,0,0,0,0,0,0,0,"0,6396588486",0,0,0,0,0,0,0,0,0,0,"0,2132196162",0,0,0,0,"0,4264392324",0,0,0,0,0,0,0,0,0,0,0,0,0,0,"0,2132196162",0,100
ERR14783453,0,"31,11111111",0,"46,66666667","13,33333333",0,0,0,0,0,"8,888888889",0,0,0,0,0,0,0,0,0,0,0,0,0,0,0,0,0,0,0,0,0,0,0,0,0,0,0,0,0,0,0,0,0,0,0,0,0,0,0,0,0,0,0,0,0,0,0,0,0,0,0,0,0,0,0,100
ERR14783454,0,"1,834862385","0,4587155963","93,11926606","4,587155963",0,0,0,0,0,0,0,0,0,0,0,0,0,0,0,0,0,0,0,0,0,0,0,0,0,0,0,0,0,0,0,0,0,0,0,0,0,0,0,0,0,0,0,0,0,0,0,0,0,0,0,0,0,0,0,0,0,0,0,0,0,100
ERR14783455,0,"1,973684211","0,6578947368","91,44736842","5,921052632",0,0,0,0,0,0,0,0,0,0,0,0,0,0,0,0,0,0,0,0,0,0,0,0,0,0,0,0,0,0,0,0,0,0,0,0,0,0,0,0,0,0,0,0,0,0,0,0,0,0,0,0,0,0,0,0,0,0,0,0,0,100
ERR14783456,0,"0,8658008658","13,41991342","83,98268398","1,298701299",0,0,0,0,"0,4329004329",0,0,0,0,0,0,0,0,0,0,0,0,0,0,0,0,0,0,0,0,0,0,0,0,0,0,0,0,0,0,0,0,0,0,0,0,0,0,0,0,0,0,0,0,0,0,0,0,0,0,0,0,0,0,0,0,100
ERR14783460,"0,1964636542","8,251473477","58,15324165",0,"23,96856582",0,0,0,0,"0,9823182711","2,161100196",0,0,0,0,0,0,0,"6,090373281",0,0,"0,1964636542",0,0,0,0,0,0,0,0,0,0,0,0,0,0,0,0,0,0,0,0,0,0,0,0,0,0,0,0,0,0,0,0,0,0,0,0,0,0,0,0,0,0,0,0,100
ERR14783464,0,"5,031446541","66,66666667","7,547169811","3,144654088",0,0,0,"1,257861635",0,"13,20754717",0,0,0,0,0,0,0,0,0,0,0,0,0,0,0,0,0,0,0,0,0,0,0,0,0,0,0,0,0,0,0,0,0,0,0,0,0,0,0,0,0,"3,144654088",0,0,0,0,0,0,0,0,0,0,0,0,0,100
ERR14783465,0,"11,40939597","2,684563758","37,58389262","16,77852349","28,18791946",0,0,0,0,"2,684563758",0,0,0,0,0,0,0,0,0,0,"0,6711409396",0,0,0,0,0,0,0,0,0,0,0,0,0,0,0,0,0,0,0,0,0,0,0,0,0,0,0,0,0,0,0,0,0,0,0,0,0,0,0,0,0,0,0,0,100
ERR14783466,0,"10,60606061","16,66666667","36,86868687","18,18181818","8,080808081",0,0,0,0,"0,5050505051",0,0,0,0,0,0,0,0,0,0,"0,5050505051",0,0,0,0,0,0,0,0,0,0,0,0,0,"8,585858586",0,0,0,0,0,0,0,0,0,0,0,0,0,0,0,0,0,0,0,0,0,0,0,0,0,0,0,0,0,0,100
ERR14783473,0,"54,36893204","26,45631068",0,"15,53398058",0,0,0,0,"1,213592233","1,45631068","0,7281553398",0,0,0,0,0,0,0,0,0,"0,2427184466",0,0,0,0,0,0,0,0,0,0,0,0,0,0,0,0,0,0,0,0,0,0,0,0,0,0,0,0,0,0,0,0,0,0,0,0,0,0,0,0,0,0,0,0,100
ERR14783475,0,"1,716738197","30,472103","65,66523605","1,716738197",0,0,0,0,0,0,0,0,0,0,0,0,0,0,0,0,"0,4291845494",0,0,0,0,0,0,0,0,0,0,0,0,0,0,0,0,0,0,0,0,0,0,0,0,0,0,0,0,0,0,0,0,0,0,0,0,0,0,0,0,0,0,0,0,100
ERR14783483,0,"1,740812379",0,0,"0,580270793",0,0,"91,10251451",0,0,"1,547388781",0,0,0,0,0,0,0,0,0,0,0,0,0,0,0,0,0,0,0,0,0,0,0,0,0,0,0,0,0,"4,835589942",0,0,0,0,0,0,0,"0,1934235977",0,0,0,0,0,0,0,0,0,0,0,0,0,0,0,0,0,100
ERR14783484,0,0,0,"1,515151515","10,60606061",0,0,"15,15151515","1,515151515",0,"4,545454545",0,"4,545454545",0,0,0,0,0,0,0,0,0,0,0,0,0,0,0,0,0,0,"62,12121212",0,0,0,0,0,0,0,0,0,0,0,0,0,0,0,0,0,0,0,0,0,0,0,0,0,0,0,0,0,0,0,0,0,0,100
ERR14783485,0,0,"1,234567901","60,49382716","6,172839506","22,22222222",0,0,0,0,"3,703703704",0,0,0,0,0,0,0,0,0,0,0,0,0,0,0,0,0,0,0,"1,234567901",0,0,0,0,0,0,0,0,0,0,0,0,0,0,0,"3,703703704",0,0,0,0,0,0,0,0,0,0,0,0,0,0,"1,234567901",0,0,0,0,100
ERR14783486,0,"7,172995781","24,89451477","13,5021097","11,39240506","7,172995781",0,0,"1,265822785",0,"4,219409283",0,"0,4219409283",0,0,0,0,0,0,0,0,0,0,0,"18,98734177",0,0,0,0,"0,4219409283",0,0,0,0,0,"6,329113924",0,0,0,0,0,0,0,0,0,"0,4219409283","3,375527426",0,0,0,0,0,0,0,0,0,0,0,0,0,0,"0,4219409283",0,0,0,0,100
ERR14783487,"36,53846154","9,615384615","19,23076923","1,730769231","3,269230769","27,30769231",0,0,0,"1,730769231","0,1923076923",0,0,0,0,0,0,0,0,0,0,0,0,0,0,0,0,0,0,0,0,"0,1923076923",0,0,0,0,0,0,0,0,0,0,0,"0,1923076923",0,0,0,0,0,0,0,0,0,0,0,0,0,0,0,0,0,0,0,0,0,0,100
ERR14783492,0,"41,6","0,8",0,48,0,0,8,0,0,"1,6",0,0,0,0,0,0,0,0,0,0,0,0,0,0,0,0,0,0,0,0,0,0,0,0,0,0,0,0,0,0,0,0,0,0,0,0,0,0,0,0,0,0,0,0,0,0,0,0,0,0,0,0,0,0,0,100
ERR14783494,"0,7504690432","11,06941839","51,03189493",0,"15,94746717",0,0,0,0,"18,57410882","1,500938086",0,0,0,0,0,0,0,0,0,0,"1,125703565",0,0,0,0,0,0,0,0,0,0,0,0,0,0,0,0,0,0,0,0,0,0,0,0,0,0,0,0,0,0,0,0,0,0,0,0,0,0,0,0,0,0,0,0,100
ERR14783495,0,"30,52208835","26,5060241",0,"21,28514056",0,0,0,0,"1,606425703","2,409638554",0,"0,4016064257",0,0,0,0,0,0,0,0,"3,212851406","0,4016064257",0,0,0,0,0,0,0,0,0,0,0,0,0,"13,65461847",0,0,0,0,0,0,0,0,0,0,0,0,0,0,0,0,0,0,0,0,0,0,0,0,0,0,0,0,0,100
ERR14783500,0,"6,741573034",0,0,"13,48314607",0,0,0,0,"8,988764045","2,247191011",0,0,0,0,0,0,0,0,0,0,0,0,0,0,0,0,0,0,0,"2,247191011",0,"43,82022472",0,0,0,0,0,0,0,0,"1,123595506",0,0,0,0,0,"11,23595506",0,0,0,"10,11235955",0,0,0,0,0,0,0,0,0,0,0,0,0,0,100
ERR14783502,0,"0,4830917874","12,07729469","85,99033816","1,449275362",0,0,0,0,0,0,0,0,0,0,0,0,0,0,0,0,0,0,0,0,0,0,0,0,0,0,0,0,0,0,0,0,0,0,0,0,0,0,0,0,0,0,0,0,0,0,0,0,0,0,0,0,0,0,0,0,0,0,0,0,0,100
ERR14783503,0,"6,382978723","50,63829787","37,0212766","4,680851064",0,0,0,0,"0,4255319149","0,4255319149",0,0,0,0,"0,4255319149",0,0,0,0,0,0,0,0,0,0,0,0,0,0,0,0,0,0,0,0,0,0,0,0,0,0,0,0,0,0,0,0,0,0,0,0,0,0,0,0,0,0,0,0,0,0,0,0,0,0,100
ERR14783509,0,"5,921052632","0,6578947368","24,34210526","4,605263158",0,"1,315789474",0,0,"0,6578947368","9,210526316",0,0,0,"1,315789474",0,0,0,0,0,"0,6578947368",0,0,"1,315789474","26,97368421",0,0,0,0,0,"21,05263158",0,0,0,0,0,0,0,0,0,0,0,0,"1,315789474",0,0,0,0,0,0,0,0,0,0,0,0,0,0,0,0,0,0,0,"0,6578947368",0,0,100
ERR14783510,0,"6,498194946",0,"0,3610108303","2,888086643",0,"66,60649819",0,0,"0,1805054152","2,346570397",0,0,0,0,0,0,"0,3610108303",0,0,"1,263537906",0,"3,429602888","8,844765343",0,0,0,0,0,0,0,0,0,"0,3610108303",0,0,0,0,0,"5,23465704",0,0,0,0,0,0,0,0,0,0,"1,624548736",0,0,0,0,0,0,0,0,0,0,0,0,0,0,0,100
ERR14783511,"15,63421829","4,424778761",0,"35,98820059","7,374631268",0,"13,27433628",0,0,"0,5899705015","0,2949852507",0,"0,2949852507",0,0,0,0,0,0,0,0,0,"22,12389381",0,0,0,0,0,0,0,0,0,0,0,0,0,0,0,0,0,0,0,0,0,0,0,0,0,0,0,0,0,0,0,0,0,0,0,0,0,0,0,0,0,0,0,100
ERR14783512,0,"4,635761589","11,25827815",0,"2,317880795",0,0,0,0,0,"5,298013245",0,0,0,0,"59,60264901",0,0,0,0,0,0,"0,6622516556","14,2384106",0,0,0,0,0,0,0,0,0,0,0,"1,655629139",0,0,0,0,0,0,0,0,0,0,0,0,0,0,0,0,0,0,0,0,0,0,0,0,0,0,0,0,0,"0,3311258278",100
ERR14783519,0,"16,07142857","18,45238095",0,"52,97619048",0,0,0,0,"10,71428571",0,0,0,0,0,0,0,0,"1,19047619",0,0,0,0,0,0,0,0,0,0,0,0,0,0,0,0,0,0,0,0,0,0,"0,5952380952",0,0,0,0,0,0,0,0,0,0,0,0,0,0,0,0,0,0,0,0,0,0,0,0,100
ERR14783521,"77,03435805","5,786618445","1,084990958","4,52079566","0,904159132","0,5424954792",0,0,0,"0,1808318264","0,3616636528",0,0,0,"8,318264014",0,0,0,"1,084990958",0,0,0,0,0,0,0,0,0,0,0,0,0,0,0,0,0,0,0,0,0,0,0,0,"0,1808318264",0,0,0,0,0,0,0,0,0,0,0,0,0,0,0,0,0,0,0,0,0,0,100
ERR14783522,"2,272727273","8,080808081","2,525252525","0,2525252525","2,02020202","7,323232323","3,03030303",0,0,"0,7575757576","1,01010101",0,"0,5050505051",0,"68,18181818",0,0,0,"3,282828283",0,0,0,0,0,0,0,0,0,0,0,0,0,0,0,0,0,0,0,0,0,0,0,0,"0,2525252525",0,0,0,0,0,0,0,0,0,0,0,0,0,0,0,"0,5050505051",0,0,0,0,0,0,100
ERR14783523,0,"66,38078902","9,433962264",0,"14,57975986","6,346483705","0,6861063465",0,0,"0,6861063465","0,3430531732",0,0,0,0,0,0,0,0,0,0,0,0,0,0,0,0,0,0,0,0,0,0,0,0,0,0,0,0,0,0,0,0,"1,54373928",0,0,0,0,0,0,0,0,0,0,0,0,0,0,0,0,0,0,0,0,0,0,100
ERR14783524,"34,80392157","6,862745098","6,37254902","1,470588235","1,960784314","30,39215686","4,411764706",0,0,0,"0,4901960784",0,0,0,"2,450980392",0,0,0,0,0,0,0,0,0,0,0,0,"9,803921569",0,0,0,0,0,0,0,0,0,0,0,0,0,0,0,"0,9803921569",0,0,0,0,0,0,0,0,0,0,0,0,0,0,0,0,0,0,0,0,0,0,100
ERR14783532,"6,779661017","3,389830508","38,98305085",0,"1,694915254",0,"11,86440678",0,0,0,"32,20338983",0,"5,084745763",0,0,0,0,0,0,0,0,0,0,0,0,0,0,0,0,0,0,0,0,0,0,0,0,0,0,0,0,0,0,0,0,0,0,0,0,0,0,0,0,0,0,0,0,0,0,0,0,0,0,0,0,0,100
ERR14783538,0,0,"16,66666667",0,"1,515151515",0,0,0,0,0,"21,21212121",0,0,0,0,0,0,"10,60606061",0,0,0,0,0,"1,515151515",0,0,0,"7,575757576",0,0,0,0,0,0,0,0,0,0,0,0,0,0,0,0,"21,21212121",0,0,0,0,0,0,0,0,"10,60606061","9,090909091",0,0,0,0,0,0,0,0,0,0,0,100
ERR14783539,0,"3,5","90,5",0,"0,5","0,5",0,0,0,0,5,0,0,0,0,0,0,0,0,0,0,0,0,0,0,0,0,0,0,0,0,0,0,0,0,0,0,0,0,0,0,0,0,0,0,0,0,0,0,0,0,0,0,0,0,0,0,0,0,0,0,0,0,0,0,0,100
ERR14783541,0,"5,238095238","82,85714286",0,"0,9523809524",0,0,0,0,0,"9,523809524",0,0,0,0,0,0,0,0,"1,428571429",0,0,0,0,0,0,0,0,0,0,0,0,0,0,0,0,0,0,0,0,0,0,0,0,0,0,0,0,0,0,0,0,0,0,0,0,0,0,0,0,0,0,0,0,0,0,100
ERR14783549,"29,82832618","26,18025751","8,798283262","0,4291845494","2,789699571","1,287553648","7,081545064",0,"10,72961373",0,"0,4291845494",0,"12,23175966",0,0,0,0,0,0,0,0,0,0,0,0,0,0,0,"0,2145922747",0,0,0,0,0,0,0,0,0,0,0,0,0,0,0,0,0,0,0,0,0,0,0,0,0,0,0,0,0,0,0,0,0,0,0,0,0,100
ERR14783550,"70,20547945","18,15068493","0,6849315068","1,712328767","2,397260274","1,712328767","1,712328767",0,"0,1712328767",0,0,0,"0,1712328767",0,0,0,0,0,0,0,"1,198630137",0,0,0,0,0,0,0,0,0,0,0,0,"0,3424657534",0,0,0,0,0,0,0,0,"1,54109589",0,0,0,0,0,0,0,0,0,0,0,0,0,0,0,0,0,0,0,0,0,0,0,100
ERR14783551,"56,11222445","8,617234469","0,8016032064","2,605210421","2,004008016","2,004008016","0,4008016032",0,0,0,"0,8016032064",0,"26,65330661",0,0,0,0,0,0,0,0,0,0,0,0,0,0,0,0,0,0,0,0,0,0,0,0,0,0,0,0,0,0,0,0,0,0,0,0,0,0,0,0,0,0,0,0,0,0,0,0,0,0,0,0,0,100
ERR14783553,"84,43804035","10,23054755","0,7204610951","2,305475504","1,152737752","0,7204610951","0,288184438","0,144092219",0,0,0,0,0,0,0,0,0,0,0,0,0,0,0,0,0,0,0,0,0,0,0,0,0,0,0,0,0,0,0,0,0,0,0,0,0,0,0,0,0,0,0,0,0,0,0,0,0,0,0,0,0,0,0,0,0,0,100
ERR14783783,0,0,0,0,0,50,0,0,0,0,"3,846153846",0,0,0,0,0,0,0,0,0,0,0,0,0,0,0,0,0,"28,84615385",0,0,0,0,0,0,0,0,0,"17,30769231",0,0,0,0,0,0,0,0,0,0,0,0,0,0,0,0,0,0,0,0,0,0,0,0,0,0,0,100
ERR14783784,"1,639344262",0,0,0,0,"72,13114754",0,0,0,0,"6,557377049",0,0,0,0,0,0,0,0,0,0,0,0,0,0,0,0,0,0,0,"1,639344262",0,0,0,0,0,0,0,"16,39344262",0,0,"1,639344262",0,0,0,0,0,0,0,0,0,0,0,0,0,0,0,0,0,0,0,0,0,0,0,0,100
ERR14783785,0,0,0,0,0,"75,80645161",0,0,0,0,"1,612903226",0,0,0,0,0,0,0,0,0,0,0,0,0,0,0,0,0,"9,677419355",0,0,0,0,0,0,0,0,0,"11,29032258",0,0,"1,612903226",0,0,0,0,0,0,0,0,0,0,0,0,0,0,0,0,0,0,0,0,0,0,0,0,100
ERR14783786,0,0,0,0,0,"25,37313433",0,0,0,0,"8,955223881",0,0,0,0,0,0,0,0,0,"1,492537313",0,0,0,0,0,0,0,"35,82089552","11,94029851",0,0,0,"1,492537313",0,0,0,0,"1,492537313",0,0,"2,985074627",0,0,0,0,0,0,0,0,0,0,0,0,0,"4,47761194",0,"5,970149254",0,0,0,0,0,0,0,0,100
ERR14783787,0,0,0,0,"0,4807692308","69,23076923",0,0,0,0,"7,211538462",0,0,0,0,0,0,0,0,0,"2,403846154",0,0,0,0,0,0,0,"0,4807692308","16,34615385",0,0,0,"1,442307692",0,0,0,0,0,0,0,"1,923076923",0,0,0,0,0,0,0,0,0,0,0,0,0,"0,4807692308",0,0,0,0,0,0,0,0,0,0,100
ERR14783788,0,0,0,"13,18181818",0,75,0,0,0,0,"4,545454545",0,0,0,0,0,0,0,0,0,0,"1,363636364",0,0,0,0,0,0,"0,9090909091","1,363636364",0,0,0,0,0,0,0,0,0,0,0,"3,636363636",0,0,0,0,0,0,0,0,0,0,0,0,0,0,0,0,0,0,0,0,0,0,0,0,100
ERR14783792,"93,31395349","0,2906976744",0,"5,668604651","0,1453488372",0,"0,1453488372",0,0,0,0,0,0,0,0,0,0,0,0,0,0,0,0,0,0,0,0,0,0,0,0,0,0,0,0,0,0,0,0,0,0,0,0,0,0,"0,4360465116",0,0,0,0,0,0,0,0,0,0,0,0,0,0,0,0,0,0,0,0,100
ERR14783793,"3,355704698","70,13422819","0,3355704698","0,3355704698","17,11409396",0,"0,3355704698",0,0,"0,3355704698","2,348993289",0,0,0,0,0,0,0,0,0,0,"4,026845638",0,0,0,0,0,0,0,0,0,0,0,0,0,0,0,0,0,0,0,0,0,0,0,"1,677852349",0,0,0,0,0,0,0,0,0,0,0,0,0,0,0,0,0,0,0,0,100
ERR14783794,"10,70615034","63,32574032","0,4555808656","0,6833712984","14,80637813",0,"3,644646925","2,961275626",0,"0,2277904328","0,9111617312",0,0,0,"0,2277904328",0,0,0,0,0,0,"1,59453303",0,0,0,0,0,0,0,0,0,0,0,0,0,0,0,0,0,0,0,0,0,0,0,"0,4555808656",0,0,0,0,0,0,0,0,0,0,0,0,0,0,0,0,0,0,0,0,100
ERR14783795,0,"78,48932677","0,4926108374",0,"18,3908046",0,0,0,0,"0,1642036125","0,9852216749",0,0,0,"0,4926108374",0,0,0,0,0,0,"0,9852216749",0,0,0,0,0,0,0,0,0,0,0,0,0,0,0,0,0,0,0,0,0,0,0,0,0,0,0,0,0,0,0,0,0,0,0,0,0,0,0,0,0,0,0,0,100
ERR14783796,"19,84732824","5,34351145",0,"1,017811705","2,03562341",0,0,0,"27,48091603",0,"0,7633587786",0,"9,669211196",0,"25,44529262",0,"0,2544529262",0,0,0,0,0,0,0,0,0,0,"7,37913486",0,0,0,0,0,0,0,0,0,0,0,0,0,0,0,0,0,0,0,0,0,0,0,0,0,0,0,"0,5089058524",0,0,0,"0,2544529262",0,0,0,0,0,0,100
ERR14783802,0,"2,551020408","1,020408163","91,32653061","3,571428571",0,0,0,0,"1,020408163","0,5102040816",0,0,0,0,0,0,0,0,0,0,0,0,0,0,0,0,0,0,0,0,0,0,0,0,0,0,0,0,0,0,0,0,0,0,0,0,0,0,0,0,0,0,0,0,0,0,0,0,0,0,0,0,0,0,0,100
ERR14783805,0,"0,5882352941",0,0,"1,470588235",0,0,"94,70588235",0,0,"2,058823529",0,0,0,0,0,0,0,0,0,0,0,0,0,0,0,0,0,0,0,0,0,0,0,0,0,0,0,0,0,0,0,0,0,0,0,0,0,"1,176470588",0,0,0,0,0,0,0,0,0,0,0,0,0,0,0,0,0,100
ERR14783806,0,"2,876106195",0,0,"1,769911504",0,0,"91,37168142",0,0,"2,876106195",0,0,0,0,0,0,0,0,0,0,0,0,0,0,0,0,0,0,0,0,0,0,0,0,0,0,0,0,0,0,0,0,0,0,0,0,0,"1,10619469",0,0,0,0,0,0,0,0,0,0,0,0,0,0,0,0,0,100
ERR14783809,0,"0,5847953216",0,"0,8771929825","0,2923976608",0,0,0,0,0,"0,5847953216",0,0,"78,94736842",0,0,0,"18,12865497",0,0,0,0,0,0,0,0,0,0,0,0,"0,2923976608",0,0,0,0,0,0,0,0,0,0,0,0,0,0,0,0,0,0,0,0,0,0,0,0,0,0,0,0,0,"0,2923976608",0,0,0,0,0,100
ERR14783810,0,"0,6557377049",0,"3,606557377","0,3278688525",0,0,0,0,0,"0,9836065574",0,0,"69,18032787",0,0,0,"24,26229508",0,0,0,0,0,0,0,0,0,0,0,0,"0,6557377049",0,0,0,0,0,0,0,0,0,0,0,0,0,0,0,0,0,0,0,0,0,0,0,0,0,0,0,0,0,"0,3278688525",0,0,0,0,0,100
SRR13801805,0,"91,50943396","0,539083558",0,"7,681940701",0,0,0,0,0,"0,1347708895",0,0,0,0,0,0,0,0,0,0,0,0,0,0,"0,1347708895",0,0,0,0,0,0,0,0,0,0,0,0,0,0,0,0,0,0,0,0,0,0,0,0,0,0,0,0,0,0,0,0,0,0,0,0,0,0,0,0,100