sample,Colocalization,Shannon,,,
ERR11865320,0,"0,9520382171",,,
ERR11865330,0,"1,087631404",,,
ERR11865336,0,"1,364788086",,,
ERR11865356,0,"0,9615400339",,,
ERR11865358,0,"1,145879206",,,
ERR11865359,0,"1,102305059",,,
ERR11865369,0,"0,5203430676",,,
ERR11865381,0,"0,7576494504",,,
ERR11865383,0,"1,067855813",,,
ERR11865409,0,"0,0992924449",,,
ERR11865421,0,"0,2884267789",,,
ERR11865453,0,"1,418166873",,,
ERR11865538,0,"1,363635325",,,
ERR14783392,0,"0,6682093778",,,
ERR14783441,0,"2,775434399",,,
ERR14783447,0,"2,642375385",,,
ERR14783453,0,"0,8226632874",,,
ERR14783806,0,"0,9825910693",,,
SRR13801805,0,"0,3402579438",,,
ERR11865276,1,"0,8202328937",,,
ERR11865284,1,"1,386353466",,,
ERR11865286,1,"0,9786562535",,,
ERR11865300,1,"0,8868963966",,,
ERR11865316,1,"1,567197386",,,
ERR11865342,1,"1,167781062",,,
ERR11865362,1,"1,066310857",,,
ERR11865371,1,"0,4545318791",,,
ERR11865385,1,"1,16661391",,,
ERR11865393,1,"0,5817874105",,,
ERR11865397,1,"1,205204766",,,
ERR11865419,1,"1,369263141",,,
ERR11865435,1,"1,044623508",,,
ERR11865457,1,"1,040290754",,,
ERR11865465,1,"0,4675982732",,,
ERR11865469,1,"1,20915474",,,
ERR11865471,1,"0,9771522227",,,
ERR11865489,1,"0,3694607289",,,
ERR11865556,1,"0,2407739576",,,
ERR14783460,1,"1,488423491",,,
ERR14783492,1,"1,673306911",,,
ERR14783494,1,"1,398889114",,,
ERR14783523,1,"1,327231538",,,
ERR14783792,1,"0,5383146757",,,
ERR14783805,1,"0,8782164155",,,
ERR11865288,2,"0,8045850088",,,
ERR11865290,2,"1,045174144",,,
ERR11865302,2,"0,9114047765",,,
ERR11865304,2,"1,416377821",,,
ERR11865305,2,"1,046257727",,,
ERR11865306,2,"1,172738161",,,
ERR11865312,2,"0,7258269729",,,
ERR11865314,2,"0,7701445685",,,
ERR11865318,2,"1,063667741",,,
ERR11865335,2,"0,9322107603",,,
ERR11865338,2,"1,153484411",,,
ERR11865348,2,"1,370225372",,,
ERR11865360,2,"1,072460227",,,
ERR11865373,2,"0,394163407",,,
ERR11865377,2,"0,8214159999",,,
ERR11865389,2,"0,4283645184",,,
ERR11865395,2,"0,8694392549",,,
ERR11865405,2,"1,128030916",,,
ERR11865417,2,"1,163831356",,,
ERR11865425,2,"0,8849954039",,,
ERR11865431,2,"0,3886255571",,,
ERR11865433,2,"0,7144719628",,,
ERR11865441,2,"0,6445770113",,,
ERR11865455,2,"1,493292945",,,
ERR11865477,2,"0,2936616065",,,
ERR11865479,2,"0,2746963443",,,
ERR11865497,2,"0,7753886841",,,
ERR11865499,2,"0,800122792",,,
ERR11865503,2,"0,987179498",,,
ERR11865540,2,"0,2009830899",,,
ERR11865546,2,"1,2705415",,,
ERR11865554,2,"1,307816655",,,
ERR14783410,2,"1,638715208",,,
ERR14783426,2,"1,755298822",,,
ERR14783442,2,"2,573688468",,,
ERR14783476,2,N/A,,,
ERR14783495,2,"2,207148447",,,
ERR14783793,2,"1,82859069",,,
ERR14783795,2,"0,8970975687",,,
ERR14783802,2,"0,3150632347",,,
SRR13801804,2,N/A,,,
ERR11865278,3,"0,9605060803",,,
ERR11865308,3,"0,883343487",,,
ERR11865375,3,"0,8327601812",,,
ERR11865379,3,"1,079749179",,,
ERR11865407,3,"1,104236305",,,
ERR11865411,3,"0,7830916965",,,
ERR11865429,3,"0,2907852298",,,
ERR11865445,3,"1,5398629",,,
ERR11865461,3,"0,8494383612",,,
ERR11865467,3,"0,690979764",,,
ERR11865483,3,"0,9887026415",,,
ERR11865501,3,"1,414317856",,,
ERR14783411,3,"1,397199139",,,
ERR14783465,3,"1,431908045",,,
ERR14783483,3,"0,8671662132",,,
ERR14783519,3,"1,813044544",,,
ERR14783553,3,"0,8898417667",,,
ERR14783809,3,"0,6694981667",,,
ERR11865292,4,"1,545644142",,,
ERR11865307,4,"1,162236623",,,
ERR11865328,4,"1,77057029",,,
ERR11865332,4,"1,781073229",,,
ERR11865340,4,"1,682677838",,,
ERR11865391,4,"0,9288787854",,,
ERR11865427,4,"0,9892843615",,,
ERR11865437,4,"1,453002021",,,
ERR11865447,4,"1,11029988",,,
ERR11865463,4,"0,9293553377",,,
ERR11865473,4,"1,122115932",,,
ERR11865481,4,"0,8336763215",,,
ERR11865485,4,"0,572496849",,,
ERR11865487,4,"1,057544604",,,
ERR11865493,4,"0,9764597209",,,
ERR14783409,4,"1,258060754",,,
ERR11865294,5,"1,399763151",,,
ERR11865310,5,"1,097710156",,,
ERR11865367,5,"1,190998559",,,
ERR11865511,5,"1,353386346",,,
ERR11865542,5,"1,914330103",,,
ERR14783399,5,"0,8495737353",,,
ERR14783439,5,"2,209867264",,,
ERR14783486,5,"3,563887462",,,
ERR14783812,5,N/A,,,
ERR11865344,6,"0,4603958717",,,
ERR11865346,6,"1,537927154",,,
ERR11865350,6,"1,118412216",,,
ERR11865415,6,"1,452937696",,,
ERR11865475,6,"1,010943823",,,
ERR11865509,6,"1,22749372",,,
ERR14783434,6,"1,1660366",,,
ERR11865322,7,"1,693552175",,,
ERR11865439,7,"1,385438312",,,
ERR14783511,7,"1,335407488",,,
ERR11865326,8,"1,303611056",,,
ERR11865334,8,"1,230490074",,,
ERR11865364,8,"2,209247957",,,
ERR14783390,8,"2,487907733",,,
ERR14783459,8,N/A,,,
ERR14783532,8,"2,44606107",,,
ERR11865449,9,"0,968973123",,,
ERR14783811,9,N/A,,,
ERR11865354,10,"0,8762786031",,,
ERR11865451,10,"1,487688023",,,
ERR11865352,11,"1,127135315",,,
ERR11865413,11,"1,863217359",,,
ERR14783418,11,"1,62888396",,,
ERR14783440,11,"0,9369020694",,,
ERR14783550,11,"1,47160166",,,
ERR11865324,12,"1,745585564",,,
ERR14783473,12,"1,523437612",,,
ERR11865298,13,"1,488540335",,,
ERR14783446,14,"2,925262966",,,
ERR14783401,15,"1,146732831",,,
ERR14783500,15,"1,709602964",,,
ERR14783484,16,"1,118317306",,,
ERR14783522,16,"1,50719403",,,
ERR14783551,17,"1,880911495",,,
ERR11865296,18,"1,234603472",,,
ERR14783454,18,"0,1122983558",,,
ERR11865558,19,"0,3707075363",,,
ERR14783429,19,"1,174002456",,,
ERR14783456,19,"0,2639991619",,,
ERR11865544,20,"0,3197659393",,,
ERR11865548,20,"0,6195394474",,,
ERR11865552,20,"0,431736352",,,
ERR14783408,20,"1,957262808",,,
ERR14783427,20,"0,8446301062",,,
ERR14783475,20,"0,4973275591",,,
ERR14783502,20,"0,2403670192",,,
ERR11865560,21,"0,1141385094",,,
ERR14783386,21,"1,601036025",,,
ERR14783794,21,"1,691446735",,,
ERR14783455,23,"0,1024605521",,,
ERR14783530,24,N/A,,,
ERR14783466,25,"1,427696828",,,
ERR14783474,25,N/A,,,
ERR14783810,26,"1,413976105",,,
ERR14783521,28,"1,459994865",,,
ERR14783493,30,N/A,,,
ERR14783512,36,"2,107956832",,,
ERR14783384,38,"2,217103189",,,
ERR14783464,38,"1,965660471",,,
ERR14783487,38,"1,692331528",,,
ERR14783524,38,"2,228629925",,,
ERR14783385,39,N/A,,,
SRR8282406,39,N/A,,,
ERR14783549,41,"2,331827169",,,
ERR14783485,45,"2,105122165",,,
ERR14783400,46,"1,829326244",,,
ERR14783509,47,"2,200928791",,,
ERR14783796,47,"2,29719405",,,
ERR11865387,49,"0,8244382449",,,
ERR11865423,49,"0,213602526",,,
ERR11865459,49,"1,103104862",,,
ERR11865401,50,"0,4052865732",,,
ERR11865399,52,"0,6283164951",,,
ERR11865403,53,"0,7979427584",,,
ERR11865491,53,"0,3711737146",,,
ERR11865443,54,"0,6415493833",,,
ERR14783786,54,"2,42313905",,,
ERR14783433,55,"2,015051498",,,
ERR11865508,57,"0,6466164344",,,
ERR14783510,61,"1,934378074",,,
ERR14783788,61,"1,877238269",,,
ERR14783402,67,"2,271882539",,,
SRR7287342,68,N/A,,,
ERR14783393,69,N/A,,,
ERR11865495,70,"0,9621532973",,,
ERR14783424,74,"1,644800548",,,
ERR14783784,82,"1,270615412",,,
ERR14783785,89,"1,078816697",,,
ERR14783503,90,"1,012449752",,,
ERR14783541,94,"1,237725114",,,
ERR14783783,95,"1,144392453",,,
ERR14783391,100,"2,659419406",,,
ERR14783539,103,"1,77601211",,,
ERR14783425,109,"2,249586507",,,
ERR14783501,111,N/A,,,
ERR14783416,125,N/A,,,
ERR14783787,130,"2,6817649",,,
ERR14783538,197,"2,722494631",,,