ERR11865276,6388,_128_cov_4.000000
ERR11865278,8766,_128_cov_3.000000
ERR11865284,15528,_128_cov_7.000000
ERR11865286,14874,_128_cov_1.000000
ERR11865288,7238,_128_cov_6.000000
ERR11865290,9901,_128_cov_8.000000
ERR11865292,8845,_128_cov_4.000000
ERR11865294,7941,_128_cov_1.000000
ERR11865296,9605,_128_cov_4.000000
ERR11865298,13251,_128_cov_4.000000
ERR11865300,11126,_128_cov_16.000000
ERR11865302,10702,_128_cov_3.000000
ERR11865304,9931,_128_cov_8.000000
ERR11865305,10882,_128_cov_3.000000
ERR11865306,8141,_128_cov_5.000000
ERR11865307,9367,_128_cov_7.000000
ERR11865308,8519,_128_cov_6.000000
ERR11865310,10421,_128_cov_9.000000
ERR11865312,6936,_128_cov_9.000000
ERR11865314,9706,_128_cov_11.000000
ERR11865316,14952,_128_cov_2.000000
ERR11865318,13722,_128_cov_1.000000
ERR11865320,11276,_128_cov_1.000000
ERR11865322,19552,_128_cov_3.000000
ERR11865324,10256,_128_cov_1.000000
ERR11865326,14908,_128_cov_3.000000
ERR11865328,16872,_128_cov_1.000000
ERR11865330,16071,_128_cov_3.000000
ERR11865332,20776,_128_cov_3.000000
ERR11865334,22320,_128_cov_2.000000
ERR11865335,16366,_128_cov_4.000000
ERR11865336,12423,_128_cov_4.000000
ERR11865338,10080,_128_cov_8.000000
ERR11865340,20464,_128_cov_4.000000
ERR11865342,17798,_128_cov_11.000000
ERR11865344,10302,_128_cov_13.000000
ERR11865346,12347,_128_cov_4.000000
ERR11865348,10248,_128_cov_2.000000
ERR11865350,20689,_128_cov_2.000000
ERR11865352,5072,_128_cov_2.000000
ERR11865354,7992,_128_cov_14.000000
ERR11865356,9966,_128_cov_7.000000
ERR11865358,11149,_128_cov_2.000000
ERR11865359,5472,_128_cov_5.000000
ERR11865360,6989,_128_cov_4.000000
ERR11865362,3609,_128_cov_6.000000
ERR11865364,6925,_128_cov_4.000000
ERR11865367,12219,_128_cov_3.000000
ERR11865369,8365,_128_cov_26.000000
ERR11865371,9194,_128_cov_24.000000
ERR11865373,2879,_128_cov_41.000000
ERR11865375,12096,_128_cov_5.000000
ERR11865377,9270,_128_cov_6.000000
ERR11865379,4125,_128_cov_6.000000
ERR11865381,11792,_128_cov_1.000000
ERR11865383,9162,_128_cov_7.000000
ERR11865385,9582,_128_cov_6.000000
ERR11865387,4263,_128_cov_3.000000
ERR11865389,6260,_128_cov_11.000000
ERR11865391,4429,_128_cov_3.000000
ERR11865393,6791,_128_cov_9.000000
ERR11865395,5033,_128_cov_3.000000
ERR11865397,8197,_128_cov_9.000000
ERR11865399,3798,_128_cov_9.000000
ERR11865401,3347,_128_cov_10.000000
ERR11865403,6995,_128_cov_4.000000
ERR11865405,9095,_128_cov_11.000000
ERR11865407,12183,_128_cov_5.000000
ERR11865409,2466,_128_cov_55.000000
ERR11865411,8899,_128_cov_7.000000
ERR11865413,19130,_128_cov_4.000000
ERR11865415,22654,_128_cov_3.000000
ERR11865417,10604,_128_cov_7.000000
ERR11865419,8795,_128_cov_4.000000
ERR11865421,400,_128_cov_1.000000
ERR11865423,211,_128_cov_6.000000
ERR11865425,6059,_128_cov_11.000000
ERR11865427,9136,_128_cov_8.000000
ERR11865429,2863,_128_cov_4.000000
ERR11865431,7364,_128_cov_7.000000
ERR11865433,13819,_128_cov_11.000000
ERR11865435,11844,_128_cov_4.000000
ERR11865437,21410,_128_cov_2.000000
ERR11865439,23462,_128_cov_4.000000
ERR11865441,12502,_128_cov_7.000000
ERR11865443,13162,_128_cov_7.000000
ERR11865445,6603,_128_cov_9.000000
ERR11865447,1543,_128_cov_5.000000
ERR11865449,13671,_128_cov_3.000000
ERR11865451,17988,_128_cov_6.000000
ERR11865453,12579,_128_cov_5.000000
ERR11865455,16776,_128_cov_6.000000
ERR11865457,1769,_128_cov_4.000000
ERR11865459,4958,_128_cov_4.000000
ERR11865461,17119,_128_cov_4.000000
ERR11865463,20271,_128_cov_3.000000
ERR11865465,11890,_128_cov_8.000000
ERR11865467,5961,_128_cov_5.000000
ERR11865469,29872,_128_cov_1.000000
ERR11865471,33082,_128_cov_3.000000
ERR11865473,11112,_128_cov_1.000000
ERR11865475,6226,_128_cov_7.000000
ERR11865477,313,_128_cov_7.000000
ERR11865479,193,_128_cov_1.000000
ERR11865481,9897,_128_cov_5.000000
ERR11865483,12343,_128_cov_3.000000
ERR11865485,11592,_128_cov_14.000000
ERR11865487,5019,_128_cov_3.000000
ERR11865489,18678,_128_cov_15.000000
ERR11865491,7562,_128_cov_2.000000
ERR11865493,9761,_128_cov_2.000000
ERR11865495,5776,_128_cov_3.000000
ERR11865497,9894,_128_cov_13.000000
ERR11865499,2660,_128_cov_3.000000
ERR11865501,14292,_128_cov_4.000000
ERR11865503,12025,_128_cov_3.000000
ERR11865508,4173,_128_cov_2.000000
ERR11865509,24804,_128_cov_2.000000
ERR11865511,24204,_128_cov_5.000000
ERR11865538,6069,_128_cov_4.000000
ERR11865540,3099,_128_cov_7.000000
ERR11865542,9434,_128_cov_106.000000
ERR11865544,7052,_128_cov_3.000000
ERR11865546,16995,_128_cov_5.000000
ERR11865548,9711,_128_cov_9.000000
ERR11865552,8511,_128_cov_8.000000
ERR11865554,6795,_128_cov_3.000000
ERR11865556,3742,_128_cov_8.000000
ERR11865558,7809,_128_cov_6.000000
ERR11865560,2939,_128_cov_3.000000
ERR14783384,38866,_128_cov_2.000000
ERR14783385,33472,_128_cov_2.000000
ERR14783386,12822,_128_cov_2.000000
ERR14783390,70543,_128_cov_2.000000
ERR14783391,40895,_128_cov_3.000000
ERR14783392,2921,_135_cov_2.875000
ERR14783393,57132,_128_cov_1.000000
ERR14783399,46728,_128_cov_3.000000
ERR14783400,44139,_128_cov_1.000000
ERR14783401,18244,_128_cov_3.000000
ERR14783402,57084,_128_cov_1.000000
ERR14783408,29340,_128_cov_3.000000
ERR14783409,28892,_128_cov_3.000000
ERR14783410,7741,_128_cov_2.000000
ERR14783411,23172,_128_cov_3.000000
ERR14783416,16870,_128_cov_2.000000
ERR14783418,29142,_128_cov_4.000000
ERR14783424,19964,_128_cov_4.000000
ERR14783425,41904,_128_cov_4.000000
ERR14783426,11580,_128_cov_5.000000
ERR14783427,8346,_128_cov_36.000000
ERR14783429,16234,_128_cov_6.000000
ERR14783433,34252,_128_cov_4.000000
ERR14783434,16972,_128_cov_7.000000
ERR14783439,33967,_128_cov_1.000000
ERR14783440,38710,_128_cov_1.000000
ERR14783441,15877,_128_cov_70.000000
ERR14783442,7924,_134_cov_3.000000
ERR14783446,35976,_128_cov_3.000000
ERR14783447,648,_128_cov_23.000000
ERR14783453,20209,_128_cov_5.000000
ERR14783454,7127,_128_cov_5.000000
ERR14783455,15365,_128_cov_2.000000
ERR14783456,5416,_128_cov_1.000000
ERR14783459,42559,_128_cov_2.000000
ERR14783460,26764,_128_cov_4.000000
ERR14783464,10920,_128_cov_4.000000
ERR14783465,10787,_128_cov_3.000000
ERR14783466,35301,_128_cov_2.000000
ERR14783473,34748,_128_cov_1.000000
ERR14783474,18929,_128_cov_2.000000
ERR14783475,3849,_128_cov_3.000000
ERR14783476,18594,_128_cov_2.000000
ERR14783483,31845,_128_cov_27.000000
ERR14783484,45395,_128_cov_14.000000
ERR14783485,25540,_128_cov_6.000000
ERR14783486,39174,_128_cov_3.000000
ERR14783487,7937,_128_cov_3.000000
ERR14783492,11059,_128_cov_1.000000
ERR14783493,88233,_128_cov_1.000000
ERR14783494,21108,_128_cov_2.000000
ERR14783495,18438,_128_cov_10.000000
ERR14783500,30045,_128_cov_2.000000
ERR14783501,40983,_128_cov_2.000000
ERR14783502,4916,_128_cov_2.000000
ERR14783503,52864,_128_cov_2.000000
ERR14783509,46593,_128_cov_9.000000
ERR14783510,46517,_128_cov_2.000000
ERR14783511,38736,_128_cov_3.000000
ERR14783512,54873,_128_cov_1.000000
ERR14783519,42353,_128_cov_2.000000
ERR14783521,39028,_128_cov_2.000000
ERR14783522,20325,_128_cov_3.000000
ERR14783523,35151,_128_cov_3.000000
ERR14783524,47108,_128_cov_3.000000
ERR14783530,67972,_128_cov_2.000000
ERR14783532,22818,_128_cov_3.000000
ERR14783538,41529,_128_cov_2.000000
ERR14783539,80154,_128_cov_1.000000
ERR14783541,7190,_128_cov_3.000000
ERR14783549,58561,_128_cov_2.000000
ERR14783550,52890,_128_cov_2.000000
ERR14783551,33189,_128_cov_3.000000
ERR14783553,41786,_128_cov_1.000000
ERR14783783,5252,_128_cov_9.000000
ERR14783784,9918,_128_cov_3.000000
ERR14783785,13190,_128_cov_6.000000
ERR14783786,24162,_128_cov_2.000000
ERR14783787,25774,_128_cov_4.000000
ERR14783788,35364,_128_cov_1.000000
ERR14783792,19022,_128_cov_33.000000
ERR14783793,26880,_128_cov_1.000000
ERR14783794,16075,_128_cov_2.000000
ERR14783795,18809,_128_cov_3.000000
ERR14783796,7615,_128_cov_4.000000
ERR14783802,14483,_128_cov_12.000000
ERR14783805,10802,_128_cov_34.000000
ERR14783806,14080,_128_cov_46.000000
ERR14783809,22986,_128_cov_2.000000
ERR14783810,47983,_128_cov_3.000000
ERR14783811,25182,_128_cov_2.000000
ERR14783812,46449,_128_cov_1.000000
SRR13801804,27443,_56_cov_1.000000
SRR13801805,21962,_56_cov_3.000000
SRR7287342,21200,_78_cov_3.000000
SRR8282406,5760,_78_cov_2.000000
