ERR11865276,1939926
ERR11865278,2493731
ERR11865284,1530862
ERR11865286,2246899
ERR11865288,1685420
ERR11865290,2315434
ERR11865292,892730
ERR11865294,1931945
ERR11865296,1504784
ERR11865298,2149102
ERR11865300,1411142
ERR11865302,2301047
ERR11865304,1329257
ERR11865305,1814503
ERR11865306,1937505
ERR11865307,2152089
ERR11865308,1916613
ERR11865310,2368028
ERR11865312,1768399
ERR11865314,2584341
ERR11865316,1045111
ERR11865318,2080456
ERR11865320,958758
ERR11865322,2180727
ERR11865324,1225786
ERR11865326,2457326
ERR11865328,535869
ERR11865330,2316833
ERR11865332,790544
ERR11865334,2341531
ERR11865335,1901267
ERR11865336,634168
ERR11865338,1778425
ERR11865340,624719
ERR11865342,2363775
ERR11865344,1172412
ERR11865346,2898242
ERR11865348,1565096
ERR11865350,2760314
ERR11865352,2070271
ERR11865354,2150123
ERR11865356,2310926
ERR11865358,2203839
ERR11865359,2251871
ERR11865360,2565535
ERR11865362,2542251
ERR11865364,1409069
ERR11865367,1178896
ERR11865369,2990294
ERR11865371,2129599
ERR11865373,2465264
ERR11865375,2530111
ERR11865377,2091479
ERR11865379,2877769
ERR11865381,1934114
ERR11865383,2549926
ERR11865385,1045456
ERR11865387,2272632
ERR11865389,1830900
ERR11865391,1922871
ERR11865393,1787133
ERR11865395,2240822
ERR11865397,1571664
ERR11865399,3131556
ERR11865401,1730281
ERR11865403,2415816
ERR11865405,1896767
ERR11865407,2945424
ERR11865409,2288802
ERR11865411,2889352
ERR11865413,1814205
ERR11865415,2953744
ERR11865417,2550685
ERR11865419,3009884
ERR11865421,2057906
ERR11865423,2962363
ERR11865425,2773189
ERR11865427,2064082
ERR11865429,2648907
ERR11865431,2887119
ERR11865433,2383968
ERR11865435,3004125
ERR11865437,1049559
ERR11865439,3044584
ERR11865441,2251823
ERR11865443,2883420
ERR11865445,2722950
ERR11865447,3359723
ERR11865449,2712053
ERR11865451,3634874
ERR11865453,2767713
ERR11865455,3341270
ERR11865457,2831867
ERR11865459,2944676
ERR11865461,2766969
ERR11865463,2872684
ERR11865465,1526535
ERR11865467,2952996
ERR11865469,1033879
ERR11865471,3253371
ERR11865473,2988300
ERR11865475,3179919
ERR11865477,2812138
ERR11865479,1936168
ERR11865481,3014810
ERR11865483,3282276
ERR11865485,2537170
ERR11865487,3203307
ERR11865489,1801856
ERR11865491,3073752
ERR11865493,1791436
ERR11865495,3815992
ERR11865497,2313212
ERR11865499,3006348
ERR11865501,725665
ERR11865503,2675365
ERR11865508,3051471
ERR11865509,2569687
ERR11865511,2855099
ERR11865538,576658
ERR11865540,2184025
ERR11865542,335719
ERR11865544,2611474
ERR11865546,1254965
ERR11865548,2545835
ERR11865552,2354659
ERR11865554,560122
ERR11865556,2554589
ERR11865558,1251017
ERR11865560,2406348
ERR14783384,17662289
ERR14783385,32349634
ERR14783386,26214735
ERR14783390,5589849
ERR14783391,8026561
ERR14783392,47924
ERR14783393,47105487
ERR14783399,15186660
ERR14783400,20500109
ERR14783401,1022566
ERR14783402,17798058
ERR14783408,8758122
ERR14783409,12622191
ERR14783410,968143
ERR14783411,30908396
ERR14783416,69922669
ERR14783418,11967513
ERR14783424,37098032
ERR14783425,22502662
ERR14783426,2141324
ERR14783427,2945983
ERR14783429,3122098
ERR14783433,1862451
ERR14783434,2124684
ERR14783439,17618301
ERR14783440,21743722
ERR14783441,254397
ERR14783442,248540
ERR14783446,1632189
ERR14783447,26403
ERR14783453,1145753
ERR14783454,3255567
ERR14783455,30372733
ERR14783456,3230557
ERR14783459,49052493
ERR14783460,2044843
ERR14783464,2869603
ERR14783465,513538
ERR14783466,21061115
ERR14783473,7267864
ERR14783474,32007908
ERR14783475,2240374
ERR14783476,45667533
ERR14783483,5856315
ERR14783484,7015408
ERR14783485,8375763
ERR14783486,969810
ERR14783487,814725
ERR14783492,1578297
ERR14783493,56989615
ERR14783494,12954281
ERR14783495,350224
ERR14783500,2555978
ERR14783501,30718602
ERR14783502,2291044
ERR14783503,19899728
ERR14783509,1961531
ERR14783510,23333517
ERR14783511,12097051
ERR14783512,16129285
ERR14783519,6573731
ERR14783521,28475007
ERR14783522,1721188
ERR14783523,2592769
ERR14783524,32711253
ERR14783530,39550605
ERR14783532,3114363
ERR14783538,13148473
ERR14783539,27147226
ERR14783541,1978032
ERR14783549,27273603
ERR14783550,34776939
ERR14783551,2634677
ERR14783553,25009552
ERR14783783,3839819
ERR14783784,3926007
ERR14783785,4448999
ERR14783786,3505899
ERR14783787,14213987
ERR14783788,13070018
ERR14783792,2942468
ERR14783793,1670780
ERR14783794,3009486
ERR14783795,1865635
ERR14783796,2817088
ERR14783802,8031542
ERR14783805,5037700
ERR14783806,4424986
ERR14783809,11752578
ERR14783810,22506193
ERR14783811,30489630
ERR14783812,87219010
SRR13801804,88772778
SRR13801805,71000545
SRR7287342,132366111
SRR8282406,131525539
