tFermentation;bioproject;sample;sequenceur;origin;;;
8;PRJEB65292;ERR11865276;ILLUMINA, NextSeq 500, paired-end;na;;;
24;PRJEB65292;ERR11865278;ILLUMINA, NextSeq 500, paired-end;na;;;
8;PRJEB65292;ERR11865284;ILLUMINA, NextSeq 500, paired-end;na;;;
24;PRJEB65292;ERR11865286;ILLUMINA, NextSeq 500, paired-end;na;;;
8;PRJEB65292;ERR11865288;ILLUMINA, NextSeq 500, paired-end;na;;;
24;PRJEB65292;ERR11865290;ILLUMINA, NextSeq 500, paired-end;na;;;
8;PRJEB65292;ERR11865292;ILLUMINA, NextSeq 500, paired-end;na;;;
24;PRJEB65292;ERR11865294;ILLUMINA, NextSeq 500, paired-end;na;;;|
8;PRJEB65292;ERR11865296;ILLUMINA, NextSeq 500, paired-end;na;;;
24;PRJEB65292;ERR11865298;ILLUMINA, NextSeq 500, paired-end;na;;;
8;PRJEB65292;ERR11865300;ILLUMINA, NextSeq 500, paired-end;na;;;
24;PRJEB65292;ERR11865302;ILLUMINA, NextSeq 500, paired-end;na;;;
8;PRJEB65292;ERR11865304;ILLUMINA, NextSeq 500, paired-end;na;;;
8;PRJEB65292;ERR11865305;ILLUMINA, NextSeq 500, paired-end;na;;;
24;PRJEB65292;ERR11865306;ILLUMINA, NextSeq 500, paired-end;na;;;
24;PRJEB65292;ERR11865307;ILLUMINA, NextSeq 500, paired-end;na;;;
8;PRJEB65292;ERR11865308;ILLUMINA, NextSeq 500, paired-end;na;;;
24;PRJEB65292;ERR11865310;ILLUMINA, NextSeq 500, paired-end;na;;;
8;PRJEB65292;ERR11865312;ILLUMINA, NextSeq 500, paired-end;na;;;
24;PRJEB65292;ERR11865314;ILLUMINA, NextSeq 500, paired-end;na;;;
8;PRJEB65292;ERR11865316;ILLUMINA, NextSeq 500, paired-end;na;;;
24;PRJEB65292;ERR11865318;ILLUMINA, NextSeq 500, paired-end;na;;;
8;PRJEB65292;ERR11865320;ILLUMINA, NextSeq 500, paired-end;na;;;
24;PRJEB65292;ERR11865322;ILLUMINA, NextSeq 500, paired-end;na;;;
8;PRJEB65292;ERR11865324;ILLUMINA, NextSeq 500, paired-end;na;;;
24;PRJEB65292;ERR11865326;ILLUMINA, NextSeq 500, paired-end;na;;;
8;PRJEB65292;ERR11865328;ILLUMINA, NextSeq 500, paired-end;na;;;
24;PRJEB65292;ERR11865330;ILLUMINA, NextSeq 500, paired-end;na;;;
8;PRJEB65292;ERR11865332;ILLUMINA, NextSeq 500, paired-end;na;;;
24;PRJEB65292;ERR11865334;ILLUMINA, NextSeq 500, paired-end;na;;;
24;PRJEB65292;ERR11865335;ILLUMINA, NextSeq 500, paired-end;na;;;
8;PRJEB65292;ERR11865336;ILLUMINA, NextSeq 500, paired-end;na;;;
24;PRJEB65292;ERR11865338;ILLUMINA, NextSeq 500, paired-end;na;;;
8;PRJEB65292;ERR11865340;ILLUMINA, NextSeq 500, paired-end;na;;;
24;PRJEB65292;ERR11865342;ILLUMINA, NextSeq 500, paired-end;na;;;
8;PRJEB65292;ERR11865344;ILLUMINA, NextSeq 500, paired-end;na;;;
24;PRJEB65292;ERR11865346;ILLUMINA, NextSeq 500, paired-end;na;;;
8;PRJEB65292;ERR11865348;ILLUMINA, NextSeq 500, paired-end;na;;;
24;PRJEB65292;ERR11865350;ILLUMINA, NextSeq 500, paired-end;na;;;
8;PRJEB65292;ERR11865352;ILLUMINA, NextSeq 500, paired-end;na;;;
24;PRJEB65292;ERR11865354;ILLUMINA, NextSeq 500, paired-end;na;;;
8;PRJEB65292;ERR11865356;ILLUMINA, NextSeq 500, paired-end;na;;;
24;PRJEB65292;ERR11865358;ILLUMINA, NextSeq 500, paired-end;na;;;
24;PRJEB65292;ERR11865359;ILLUMINA, NextSeq 500, paired-end;na;;;
8;PRJEB65292;ERR11865360;ILLUMINA, NextSeq 500, paired-end;na;;;
24;PRJEB65292;ERR11865362;ILLUMINA, NextSeq 500, paired-end;na;;;
8;PRJEB65292;ERR11865364;ILLUMINA, NextSeq 500, paired-end;na;;;
24;PRJEB65292;ERR11865367;ILLUMINA, NextSeq 500, paired-end;na;;;
8;PRJEB65292;ERR11865369;ILLUMINA, NextSeq 500, paired-end;na;;;
24;PRJEB65292;ERR11865371;ILLUMINA, NextSeq 500, paired-end;na;;;
8;PRJEB65292;ERR11865373;ILLUMINA, NextSeq 500, paired-end;na;;;
24;PRJEB65292;ERR11865375;ILLUMINA, NextSeq 500, paired-end;na;;;
8;PRJEB65292;ERR11865377;ILLUMINA, NextSeq 500, paired-end;na;;;
24;PRJEB65292;ERR11865379;ILLUMINA, NextSeq 500, paired-end;na;;;
8;PRJEB65292;ERR11865381;ILLUMINA, NextSeq 500, paired-end;na;;;
24;PRJEB65292;ERR11865383;ILLUMINA, NextSeq 500, paired-end;na;;;
8;PRJEB65292;ERR11865385;ILLUMINA, NextSeq 500, paired-end;na;;;
24;PRJEB65292;ERR11865387;ILLUMINA, NextSeq 500, paired-end;na;;;
8;PRJEB65292;ERR11865389;ILLUMINA, NextSeq 500, paired-end;na;;;
24;PRJEB65292;ERR11865391;ILLUMINA, NextSeq 500, paired-end;na;;;
8;PRJEB65292;ERR11865393;ILLUMINA, NextSeq 500, paired-end;na;;;
24;PRJEB65292;ERR11865395;ILLUMINA, NextSeq 500, paired-end;na;;;
8;PRJEB65292;ERR11865397;ILLUMINA, NextSeq 500, paired-end;na;;;
24;PRJEB65292;ERR11865399;ILLUMINA, NextSeq 500, paired-end;na;;;
8;PRJEB65292;ERR11865401;ILLUMINA, NextSeq 500, paired-end;na;;;
24;PRJEB65292;ERR11865403;ILLUMINA, NextSeq 500, paired-end;na;;;
8;PRJEB65292;ERR11865405;ILLUMINA, NextSeq 500, paired-end;na;;;
24;PRJEB65292;ERR11865407;ILLUMINA, NextSeq 500, paired-end;na;;;
8;PRJEB65292;ERR11865409;ILLUMINA, NextSeq 500, paired-end;na;;;
24;PRJEB65292;ERR11865411;ILLUMINA, NextSeq 500, paired-end;na;;;
8;PRJEB65292;ERR11865413;ILLUMINA, NextSeq 500, paired-end;na;;;
24;PRJEB65292;ERR11865415;ILLUMINA, NextSeq 500, paired-end;na;;;
8;PRJEB65292;ERR11865417;ILLUMINA, NextSeq 500, paired-end;na;;;
24;PRJEB65292;ERR11865419;ILLUMINA, NextSeq 500, paired-end;na;;;
8;PRJEB65292;ERR11865421;ILLUMINA, NextSeq 500, paired-end;na;;;
24;PRJEB65292;ERR11865423;ILLUMINA, NextSeq 500, paired-end;na;;;
8;PRJEB65292;ERR11865425;ILLUMINA, NextSeq 500, paired-end;na;;;
24;PRJEB65292;ERR11865427;ILLUMINA, NextSeq 500, paired-end;na;;;
8;PRJEB65292;ERR11865429;ILLUMINA, NextSeq 500, paired-end;na;;;
24;PRJEB65292;ERR11865431;ILLUMINA, NextSeq 500, paired-end;na;;;
8;PRJEB65292;ERR11865433;ILLUMINA, NextSeq 500, paired-end;na;;;
24;PRJEB65292;ERR11865435;ILLUMINA, NextSeq 500, paired-end;na;;;
8;PRJEB65292;ERR11865437;ILLUMINA, NextSeq 500, paired-end;na;;;
24;PRJEB65292;ERR11865439;ILLUMINA, NextSeq 500, paired-end;na;;;
8;PRJEB65292;ERR11865441;ILLUMINA, NextSeq 500, paired-end;na;;;
24;PRJEB65292;ERR11865443;ILLUMINA, NextSeq 500, paired-end;na;;;
8;PRJEB65292;ERR11865445;ILLUMINA, NextSeq 500, paired-end;na;;;
24;PRJEB65292;ERR11865447;ILLUMINA, NextSeq 500, paired-end;na;;;
8;PRJEB65292;ERR11865449;ILLUMINA, NextSeq 500, paired-end;na;;;
24;PRJEB65292;ERR11865451;ILLUMINA, NextSeq 500, paired-end;na;;;
8;PRJEB65292;ERR11865453;ILLUMINA, NextSeq 500, paired-end;na;;;
24;PRJEB65292;ERR11865455;ILLUMINA, NextSeq 500, paired-end;na;;;
8;PRJEB65292;ERR11865457;ILLUMINA, NextSeq 500, paired-end;na;;;
24;PRJEB65292;ERR11865459;ILLUMINA, NextSeq 500, paired-end;na;;;
8;PRJEB65292;ERR11865461;ILLUMINA, NextSeq 500, paired-end;na;;;
24;PRJEB65292;ERR11865463;ILLUMINA, NextSeq 500, paired-end;na;;;
8;PRJEB65292;ERR11865465;ILLUMINA, NextSeq 500, paired-end;na;;;
24;PRJEB65292;ERR11865467;ILLUMINA, NextSeq 500, paired-end;na;;;
8;PRJEB65292;ERR11865469;ILLUMINA, NextSeq 500, paired-end;na;;;
24;PRJEB65292;ERR11865471;ILLUMINA, NextSeq 500, paired-end;na;;;
8;PRJEB65292;ERR11865473;ILLUMINA, NextSeq 500, paired-end;na;;;
24;PRJEB65292;ERR11865475;ILLUMINA, NextSeq 500, paired-end;na;;;
8;PRJEB65292;ERR11865477;ILLUMINA, NextSeq 500, paired-end;na;;;
24;PRJEB65292;ERR11865479;ILLUMINA, NextSeq 500, paired-end;na;;;
8;PRJEB65292;ERR11865481;ILLUMINA, NextSeq 500, paired-end;na;;;
24;PRJEB65292;ERR11865483;ILLUMINA, NextSeq 500, paired-end;na;;;
8;PRJEB65292;ERR11865485;ILLUMINA, NextSeq 500, paired-end;na;;;
24;PRJEB65292;ERR11865487;ILLUMINA, NextSeq 500, paired-end;na;;;
8;PRJEB65292;ERR11865489;ILLUMINA, NextSeq 500, paired-end;na;;;
24;PRJEB65292;ERR11865491;ILLUMINA, NextSeq 500, paired-end;na;;;
8;PRJEB65292;ERR11865493;ILLUMINA, NextSeq 500, paired-end;na;;;
24;PRJEB65292;ERR11865495;ILLUMINA, NextSeq 500, paired-end;na;;;
8;PRJEB65292;ERR11865497;ILLUMINA, NextSeq 500, paired-end;na;;;
24;PRJEB65292;ERR11865499;ILLUMINA, NextSeq 500, paired-end;na;;;
8;PRJEB65292;ERR11865501;ILLUMINA, NextSeq 500, paired-end;na;;;
24;PRJEB65292;ERR11865503;ILLUMINA, NextSeq 500, paired-end;na;;;
24;PRJEB65292;ERR11865508;ILLUMINA, NextSeq 500, paired-end;na;;;
8;PRJEB65292;ERR11865509;ILLUMINA, NextSeq 500, paired-end;na;;;
24;PRJEB65292;ERR11865511;ILLUMINA, NextSeq 500, paired-end;na;;;
8;PRJEB65292;ERR11865538;ILLUMINA, NextSeq 500, paired-end;na;;;
24;PRJEB65292;ERR11865540;ILLUMINA, NextSeq 500, paired-end;na;;;
8;PRJEB65292;ERR11865542;ILLUMINA, NextSeq 500, paired-end;na;;;
24;PRJEB65292;ERR11865544;ILLUMINA, NextSeq 500, paired-end;na;;;
8;PRJEB65292;ERR11865546;ILLUMINA, NextSeq 500, paired-end;na;;;
24;PRJEB65292;ERR11865548;ILLUMINA, NextSeq 500, paired-end;na;;;
24;PRJEB65292;ERR11865552;ILLUMINA, NextSeq 500, paired-end;na;;;
8;PRJEB65292;ERR11865554;ILLUMINA, NextSeq 500, paired-end;na;;;
24;PRJEB65292;ERR11865556;ILLUMINA, NextSeq 500, paired-end;na;;;
8;PRJEB65292;ERR11865558;ILLUMINA, NextSeq 500, paired-end;na;;;
24;PRJEB65292;ERR11865560;ILLUMINA, NextSeq 500, paired-end;na;;;
24h every 1-3 day for 1 week ;PRJEB77409;ERR14783384;Illumina NovaSeq 6000, paired-end;Every Good Thing, UK;;;
24h every 1-3 day for 1 week ;PRJEB77409;ERR14783385;Illumina NovaSeq 6000, paired-end;Every Good Thing, UK;;;
24h every 1-3 day for 5 week ;PRJEB77409;ERR14783386;Illumina NovaSeq 6000, paired-end;Every Good Thing, UK;;;
24h every 1-3 day for 1 week ;PRJEB77409;ERR14783390;Illumina NovaSeq 6000, paired-end;Every Good Thing, UK;;;
24h every 1-3 day for 1 week ;PRJEB77409;ERR14783391;Illumina NovaSeq 6000, paired-end;Every Good Thing, UK;;;
24h every 1-3 day for 5 week ;PRJEB77409;ERR14783392;Illumina NovaSeq 6000, paired-end;Every Good Thing, UK;;;
24h every 1-3 day for 5 week ;PRJEB77409;ERR14783393;Illumina NovaSeq 6000, paired-end;Every Good Thing, UK;;;
24h every 1-3 day for 1 week ;PRJEB77409;ERR14783399;Illumina NovaSeq 6000, paired-end;Every Good Thing, UK;;;
24h every 1-3 day for 5 week ;PRJEB77409;ERR14783400;Illumina NovaSeq 6000, paired-end;Every Good Thing, UK;;;
24h every 1-3 day for 13 week ;PRJEB77409;ERR14783401;Illumina NovaSeq 6000, paired-end;Every Good Thing, UK;;;
24h every 1-3 day for 21 week ;PRJEB77409;ERR14783402;Illumina NovaSeq 6000, paired-end;Every Good Thing, UK;;;
24h every 1-3 day for 1 week ;PRJEB77409;ERR14783408;Illumina NovaSeq 6000, paired-end;Every Good Thing, UK;;;
24h every 1-3 day for 9 week ;PRJEB77409;ERR14783409;Illumina NovaSeq 6000, paired-end;Every Good Thing, UK;;;
24h every 1-3 day for 13 week ;PRJEB77409;ERR14783410;Illumina NovaSeq 6000, paired-end;Every Good Thing, UK;;;
24h every 1-3 day for 17 week ;PRJEB77409;ERR14783411;Illumina NovaSeq 6000, paired-end;Every Good Thing, UK;;;
24h every 1-3 day for 9 week ;PRJEB77409;ERR14783416;Illumina NovaSeq 6000, paired-end;Every Good Thing, UK;;;
24h every 1-3 day for 21 week ;PRJEB77409;ERR14783418;Illumina NovaSeq 6000, paired-end;Every Good Thing, UK;;;
24h every 1-3 day for 1 week ;PRJEB77409;ERR14783424;Illumina NovaSeq 6000, paired-end;Every Good Thing, UK;;;
24h every 1-3 day for 5 week ;PRJEB77409;ERR14783425;Illumina NovaSeq 6000, paired-end;Every Good Thing, UK;;;
24h every 1-3 day for 13 week ;PRJEB77409;ERR14783426;Illumina NovaSeq 6000, paired-end;Every Good Thing, UK;;;
24h every 1-3 day for 17 week ;PRJEB77409;ERR14783427;Illumina NovaSeq 6000, paired-end;Every Good Thing, UK;;;
24h every 1-3 day for 1 week ;PRJEB77409;ERR14783429;Illumina NovaSeq 6000, paired-end;Every Good Thing, UK;;;
24h every 1-3 day for 5 week ;PRJEB77409;ERR14783433;Illumina NovaSeq 6000, paired-end;Every Good Thing, UK;;;
24h every 1-3 day for 9 week ;PRJEB77409;ERR14783434;Illumina NovaSeq 6000, paired-end;Every Good Thing, UK;;;
24h every 1-3 day for 1 week ;PRJEB77409;ERR14783439;Illumina NovaSeq 6000, paired-end;Every Good Thing, UK;;;
24h every 1-3 day for 5 week ;PRJEB77409;ERR14783440;Illumina NovaSeq 6000, paired-end;Every Good Thing, UK;;;
24h every 1-3 day for 9 week ;PRJEB77409;ERR14783441;Illumina NovaSeq 6000, paired-end;Every Good Thing, UK;;;
24h every 1-3 day for 13 week ;PRJEB77409;ERR14783442;Illumina NovaSeq 6000, paired-end;Every Good Thing, UK;;;
24h every 1-3 day for 5 week ;PRJEB77409;ERR14783446;Illumina NovaSeq 6000, paired-end;Every Good Thing, UK;;;
24h every 1-3 day for 13 week ;PRJEB77409;ERR14783447;Illumina NovaSeq 6000, paired-end;Every Good Thing, UK;;;
24h every 1-3 day for 1 week ;PRJEB77409;ERR14783453;Illumina NovaSeq 6000, paired-end;Every Good Thing, UK;;;
24h every 1-3 day for 5 week ;PRJEB77409;ERR14783454;Illumina NovaSeq 6000, paired-end;Every Good Thing, UK;;;
24h every 1-3 day for 5 week ;PRJEB77409;ERR14783455;Illumina NovaSeq 6000, paired-end;Every Good Thing, UK;;;
24h every 1-3 day for 17 week ;PRJEB77409;ERR14783456;Illumina NovaSeq 6000, paired-end;Every Good Thing, UK;;;
24h every 1-3 day for 5 week ;PRJEB77409;ERR14783459;Illumina NovaSeq 6000, paired-end;Every Good Thing, UK;;;
24h every 1-3 day for 9 week ;PRJEB77409;ERR14783460;Illumina NovaSeq 6000, paired-end;Every Good Thing, UK;;;
24h every 1-3 day for 1 week ;PRJEB77409;ERR14783464;Illumina NovaSeq 6000, paired-end;Every Good Thing, UK;;;
24h every 1-3 day for 13 week ;PRJEB77409;ERR14783465;Illumina NovaSeq 6000, paired-end;Every Good Thing, UK;;;
24h every 1-3 day for 17 week ;PRJEB77409;ERR14783466;Illumina NovaSeq 6000, paired-end;Every Good Thing, UK;;;
24h every 1-3 day for 5 week ;PRJEB77409;ERR14783473;Illumina NovaSeq 6000, paired-end;Every Good Thing, UK;;;
24h every 1-3 day for 9 week ;PRJEB77409;ERR14783474;Illumina NovaSeq 6000, paired-end;Every Good Thing, UK;;;
24h every 1-3 day for 13 week ;PRJEB77409;ERR14783475;Illumina NovaSeq 6000, paired-end;Every Good Thing, UK;;;
24h every 1-3 day for 17 week ;PRJEB77409;ERR14783476;Illumina NovaSeq 6000, paired-end;Every Good Thing, UK;;;
24h every 1-3 day for 1 week ;PRJEB77409;ERR14783483;Illumina NovaSeq 6000, paired-end;Every Good Thing, UK;;;
24h every 1-3 day for 5 week ;PRJEB77409;ERR14783484;Illumina NovaSeq 6000, paired-end;Every Good Thing, UK;;;
24h every 1-3 day for 9 week ;PRJEB77409;ERR14783485;Illumina NovaSeq 6000, paired-end;Every Good Thing, UK;;;
24h every 1-3 day for 13 week ;PRJEB77409;ERR14783486;Illumina NovaSeq 6000, paired-end;Every Good Thing, UK;;;
24h every 1-3 day for 21 week ;PRJEB77409;ERR14783487;Illumina NovaSeq 6000, paired-end;Every Good Thing, UK;;;
24h every 1-3 day for 1 week ;PRJEB77409;ERR14783492;Illumina NovaSeq 6000, paired-end;Every Good Thing, UK;;;
24h every 1-3 day for 5 week ;PRJEB77409;ERR14783493;Illumina NovaSeq 6000, paired-end;Every Good Thing, UK;;;
24h every 1-3 day for 9 week ;PRJEB77409;ERR14783494;Illumina NovaSeq 6000, paired-end;Every Good Thing, UK;;;
24h every 1-3 day for 21 week ;PRJEB77409;ERR14783495;Illumina NovaSeq 6000, paired-end;Every Good Thing, UK;;;
24h every 1-3 day for 5 week ;PRJEB77409;ERR14783500;Illumina NovaSeq 6000, paired-end;Every Good Thing, UK;;;
24h every 1-3 day for 9 week ;PRJEB77409;ERR14783501;Illumina NovaSeq 6000, paired-end;Every Good Thing, UK;;;
24h every 1-3 day for 13 week ;PRJEB77409;ERR14783502;Illumina NovaSeq 6000, paired-end;Every Good Thing, UK;;;
24h every 1-3 day for 17 week ;PRJEB77409;ERR14783503;Illumina NovaSeq 6000, paired-end;Every Good Thing, UK;;;
24h every 1-3 day for 1 week ;PRJEB77409;ERR14783509;Illumina NovaSeq 6000, paired-end;Every Good Thing, UK;;;
24h every 1-3 day for 9  week ;PRJEB77409;ERR14783510;Illumina NovaSeq 6000, paired-end;Every Good Thing, UK;;;
24h every 1-3 day for 17 week ;PRJEB77409;ERR14783511;Illumina NovaSeq 6000, paired-end;Every Good Thing, UK;;;
24h every 1-3 day for 21 week ;PRJEB77409;ERR14783512;Illumina NovaSeq 6000, paired-end;Every Good Thing, UK;;;
24h every 1-3 day for 1 week ;PRJEB77409;ERR14783519;Illumina NovaSeq 6000, paired-end;Every Good Thing, UK;;;
24h every 1-3 day for 9 week ;PRJEB77409;ERR14783521;Illumina NovaSeq 6000, paired-end;Every Good Thing, UK;;;
24h every 1-3 day for 13 week ;PRJEB77409;ERR14783522;Illumina NovaSeq 6000, paired-end;Every Good Thing, UK;;;
24h every 1-3 day for 17 week ;PRJEB77409;ERR14783523;Illumina NovaSeq 6000, paired-end;Every Good Thing, UK;;;
24h every 1-3 day for 21 week ;PRJEB77409;ERR14783524;Illumina NovaSeq 6000, paired-end;Every Good Thing, UK;;;
24h every 1-3 day for 9 week ;PRJEB77409;ERR14783530;Illumina NovaSeq 6000, paired-end;Every Good Thing, UK;;;
24h every 1-3 day for 17 week ;PRJEB77409;ERR14783532;Illumina NovaSeq 6000, paired-end;Every Good Thing, UK;;;
24h every 1-3 day for 1 week ;PRJEB77409;ERR14783538;Illumina NovaSeq 6000, paired-end;Every Good Thing, UK;;;
24h every 1-3 day for 5 week ;PRJEB77409;ERR14783539;Illumina NovaSeq 6000, paired-end;Every Good Thing, UK;;;
24h every 1-3 day for 13 week ;PRJEB77409;ERR14783541;Illumina NovaSeq 6000, paired-end;Every Good Thing, UK;;;
24h every 1-3 day for 5 week ;PRJEB77409;ERR14783549;Illumina NovaSeq 6000, paired-end;Every Good Thing, UK;;;
24h every 1-3 day for 9 week ;PRJEB77409;ERR14783550;Illumina NovaSeq 6000, paired-end;Every Good Thing, UK;;;
24h every 1-3 day for 13 week ;PRJEB77409;ERR14783551;Illumina NovaSeq 6000, paired-end;Every Good Thing, UK;;;
24h every 1-3 day for 21 week ;PRJEB77409;ERR14783553;Illumina NovaSeq 6000, paired-end;Every Good Thing, UK;;;
24h every 1-3 day for 1 week ;PRJEB77409;ERR14783783;Illumina NovaSeq 6000, paired-end;Every Good Thing, UK;;;
24h every 1-3 day for 5 week ;PRJEB77409;ERR14783784;Illumina NovaSeq 6000, paired-end;Every Good Thing, UK;;;
24h every 1-3 day for 9 week ;PRJEB77409;ERR14783785;Illumina NovaSeq 6000, paired-end;Every Good Thing, UK;;;
24h every 1-3 day for 13 week ;PRJEB77409;ERR14783786;Illumina NovaSeq 6000, paired-end;Every Good Thing, UK;;;
24h every 1-3 day for 17 week ;PRJEB77409;ERR14783787;Illumina NovaSeq 6000, paired-end;Every Good Thing, UK;;;
24h every 1-3 day for 21 week ;PRJEB77409;ERR14783788;Illumina NovaSeq 6000, paired-end;Every Good Thing, UK;;;
24h every 1-3 day for 1 week ;PRJEB77409;ERR14783792;Illumina NovaSeq 6000, paired-end;Every Good Thing, UK;;;
24h every 1-3 day for 5 week ;PRJEB77409;ERR14783793;Illumina NovaSeq 6000, paired-end;Every Good Thing, UK;;;
24h every 1-3 day for 9 week ;PRJEB77409;ERR14783794;Illumina NovaSeq 6000, paired-end;Every Good Thing, UK;;;
24h every 1-3 day for 17 week ;PRJEB77409;ERR14783795;Illumina NovaSeq 6000, paired-end;Every Good Thing, UK;;;
24h every 1-3 day for 21 week ;PRJEB77409;ERR14783796;Illumina NovaSeq 6000, paired-end;Every Good Thing, UK;;;
24h every 1-3 day for 13 week ;PRJEB77409;ERR14783802;Illumina NovaSeq 6000, paired-end;Every Good Thing, UK;;;
24h every 1-3 day for 1 week ;PRJEB77409;ERR14783805;Illumina NovaSeq 6000, paired-end;Every Good Thing, UK;;;
24h every 1-3 day for 1 week ;PRJEB77409;ERR14783806;Illumina NovaSeq 6000, paired-end;Every Good Thing, UK;;;
24h every 1-3 day for 1 week ;PRJEB77409;ERR14783809;Illumina NovaSeq 6000, paired-end;Every Good Thing, UK;;;
24h every 1-3 day for 1 week ;PRJEB77409;ERR14783810;Illumina NovaSeq 6000, paired-end;Every Good Thing, UK;;;
24h every 1-3 day for 5 week ;PRJEB77409;ERR14783811;Illumina NovaSeq 6000, paired-end;Every Good Thing, UK;;;
24h every 1-3 day for 5 week ;PRJEB77409;ERR14783812;Illumina NovaSeq 6000, paired-end;Every Good Thing, UK;;;
48;PRJNA704713;SRR13801804;Illumina, NextSeq 500, paired-end;Mexique ;;;
48;PRJNA704713;"SRR13801805	";Illumina, NextSeq 500, paired-end;Mexique ;;;
48;PRJNA388572;SRR7287342; Illumina HiSeq 2500, paired-end;Chile;;;
48;PRJNA388572;SRR8282406; Illumina HiSeq 4000, paired-end;Chile;;;
