Order;Sample ID;Sample description;BioProject;Run - SRA;Sequencing techniques;Sequencing paper;Paper also using it;Download;Origin grains;;;
16;A10_S10;8;PRJEB65292;ERR11865276;ILLUMINA, NextSeq 500, paired-end;https://doi.org/10.1016/j.isci.2023.108004;na;y;na;;;
79;A12_S12;24;PRJEB65292;ERR11865278;ILLUMINA, NextSeq 500, paired-end;https://doi.org/10.1016/j.isci.2023.108004;na;y;na;;;
17;A6_S6;8;PRJEB65292;ERR11865284;ILLUMINA, NextSeq 500, paired-end;https://doi.org/10.1016/j.isci.2023.108004;na;y;na;;;
80;A8_S8;24;PRJEB65292;ERR11865286;ILLUMINA, NextSeq 500, paired-end;https://doi.org/10.1016/j.isci.2023.108004;na;y;na;;;
18;B10_S22;8;PRJEB65292;ERR11865288;ILLUMINA, NextSeq 500, paired-end;https://doi.org/10.1016/j.isci.2023.108004;na;y;na;;;
81;B12_S24;24;PRJEB65292;ERR11865290;ILLUMINA, NextSeq 500, paired-end;https://doi.org/10.1016/j.isci.2023.108004;na;y;na;;;
19;B2_S14;8;PRJEB65292;ERR11865292;ILLUMINA, NextSeq 500, paired-end;https://doi.org/10.1016/j.isci.2023.108004;na;y;na;;;
82;B4_S16;24;PRJEB65292;ERR11865294;ILLUMINA, NextSeq 500, paired-end;https://doi.org/10.1016/j.isci.2023.108004;na;y;na;;;|
20;B6_S18;8;PRJEB65292;ERR11865296;ILLUMINA, NextSeq 500, paired-end;https://doi.org/10.1016/j.isci.2023.108004;na;y;na;;;
83;B8_S20;24;PRJEB65292;ERR11865298;ILLUMINA, NextSeq 500, paired-end;https://doi.org/10.1016/j.isci.2023.108004;na;y;na;;;
21;C10_S34;8;PRJEB65292;ERR11865300;ILLUMINA, NextSeq 500, paired-end;https://doi.org/10.1016/j.isci.2023.108004;na;y;na;;;
84;C12_S36;24;PRJEB65292;ERR11865302;ILLUMINA, NextSeq 500, paired-end;https://doi.org/10.1016/j.isci.2023.108004;na;y;na;;;
22;C2_S26;8;PRJEB65292;ERR11865304;ILLUMINA, NextSeq 500, paired-end;https://doi.org/10.1016/j.isci.2023.108004;na;y;na;;;
23;C3_S27;8;PRJEB65292;ERR11865305;ILLUMINA, NextSeq 500, paired-end;https://doi.org/10.1016/j.isci.2023.108004;na;y;na;;;
85;C4_S28;24;PRJEB65292;ERR11865306;ILLUMINA, NextSeq 500, paired-end;https://doi.org/10.1016/j.isci.2023.108004;na;y;na;;;
86;C5_S29;24;PRJEB65292;ERR11865307;ILLUMINA, NextSeq 500, paired-end;https://doi.org/10.1016/j.isci.2023.108004;na;y;na;;;
24;C6_S30;8;PRJEB65292;ERR11865308;ILLUMINA, NextSeq 500, paired-end;https://doi.org/10.1016/j.isci.2023.108004;na;y;na;;;
87;C8_S32;24;PRJEB65292;ERR11865310;ILLUMINA, NextSeq 500, paired-end;https://doi.org/10.1016/j.isci.2023.108004;na;y;na;;;
25;D10_S46;8;PRJEB65292;ERR11865312;ILLUMINA, NextSeq 500, paired-end;https://doi.org/10.1016/j.isci.2023.108004;na;y;na;;;
88;D12_S48;24;PRJEB65292;ERR11865314;ILLUMINA, NextSeq 500, paired-end;https://doi.org/10.1016/j.isci.2023.108004;na;y;na;;;
26;D2_S38;8;PRJEB65292;ERR11865316;ILLUMINA, NextSeq 500, paired-end;https://doi.org/10.1016/j.isci.2023.108004;na;y;na;;;
89;D4_S40;24;PRJEB65292;ERR11865318;ILLUMINA, NextSeq 500, paired-end;https://doi.org/10.1016/j.isci.2023.108004;na;y;na;;;
27;D6_S42;8;PRJEB65292;ERR11865320;ILLUMINA, NextSeq 500, paired-end;https://doi.org/10.1016/j.isci.2023.108004;na;y;na;;;
90;D8_S44;24;PRJEB65292;ERR11865322;ILLUMINA, NextSeq 500, paired-end;https://doi.org/10.1016/j.isci.2023.108004;na;y;na;;;
28;E10_S58;8;PRJEB65292;ERR11865324;ILLUMINA, NextSeq 500, paired-end;https://doi.org/10.1016/j.isci.2023.108004;na;y;na;;;
91;E12_S60;24;PRJEB65292;ERR11865326;ILLUMINA, NextSeq 500, paired-end;https://doi.org/10.1016/j.isci.2023.108004;na;y;na;;;
29;E2_S50;8;PRJEB65292;ERR11865328;ILLUMINA, NextSeq 500, paired-end;https://doi.org/10.1016/j.isci.2023.108004;na;y;na;;;
92;E4_S52;24;PRJEB65292;ERR11865330;ILLUMINA, NextSeq 500, paired-end;https://doi.org/10.1016/j.isci.2023.108004;na;y;na;;;
30;E6_S54;8;PRJEB65292;ERR11865332;ILLUMINA, NextSeq 500, paired-end;https://doi.org/10.1016/j.isci.2023.108004;na;y;na;;;
93;E8_S56;24;PRJEB65292;ERR11865334;ILLUMINA, NextSeq 500, paired-end;https://doi.org/10.1016/j.isci.2023.108004;na;y;na;;;
94;E9_S57;24;PRJEB65292;ERR11865335;ILLUMINA, NextSeq 500, paired-end;https://doi.org/10.1016/j.isci.2023.108004;na;y;na;;;
31;F10_S70;8;PRJEB65292;ERR11865336;ILLUMINA, NextSeq 500, paired-end;https://doi.org/10.1016/j.isci.2023.108004;na;y;na;;;
95;F12_S72;24;PRJEB65292;ERR11865338;ILLUMINA, NextSeq 500, paired-end;https://doi.org/10.1016/j.isci.2023.108004;na;y;na;;;
32;F2_S62;8;PRJEB65292;ERR11865340;ILLUMINA, NextSeq 500, paired-end;https://doi.org/10.1016/j.isci.2023.108004;na;y;na;;;
96;F4_S64;24;PRJEB65292;ERR11865342;ILLUMINA, NextSeq 500, paired-end;https://doi.org/10.1016/j.isci.2023.108004;na;y;na;;;
33;F6_S66;8;PRJEB65292;ERR11865344;ILLUMINA, NextSeq 500, paired-end;https://doi.org/10.1016/j.isci.2023.108004;na;y;na;;;
97;F8_S68;24;PRJEB65292;ERR11865346;ILLUMINA, NextSeq 500, paired-end;https://doi.org/10.1016/j.isci.2023.108004;na;y;na;;;
34;G10_S82;8;PRJEB65292;ERR11865348;ILLUMINA, NextSeq 500, paired-end;https://doi.org/10.1016/j.isci.2023.108004;na;y;na;;;
98;G12_S84;24;PRJEB65292;ERR11865350;ILLUMINA, NextSeq 500, paired-end;https://doi.org/10.1016/j.isci.2023.108004;na;y;na;;;
35;G2_S74;8;PRJEB65292;ERR11865352;ILLUMINA, NextSeq 500, paired-end;https://doi.org/10.1016/j.isci.2023.108004;na;y;na;;;
99;G4_S76;24;PRJEB65292;ERR11865354;ILLUMINA, NextSeq 500, paired-end;https://doi.org/10.1016/j.isci.2023.108004;na;y;na;;;
36;G6_S78;8;PRJEB65292;ERR11865356;ILLUMINA, NextSeq 500, paired-end;https://doi.org/10.1016/j.isci.2023.108004;na;y;na;;;
100;G8_S80;24;PRJEB65292;ERR11865358;ILLUMINA, NextSeq 500, paired-end;https://doi.org/10.1016/j.isci.2023.108004;na;y;na;;;
101;G9_S81;24;PRJEB65292;ERR11865359;ILLUMINA, NextSeq 500, paired-end;https://doi.org/10.1016/j.isci.2023.108004;na;y;na;;;
37;H10_S94;8;PRJEB65292;ERR11865360;ILLUMINA, NextSeq 500, paired-end;https://doi.org/10.1016/j.isci.2023.108004;na;y;na;;;
102;H12_S96;24;PRJEB65292;ERR11865362;ILLUMINA, NextSeq 500, paired-end;https://doi.org/10.1016/j.isci.2023.108004;na;y;na;;;
38;H2_S86;8;PRJEB65292;ERR11865364;ILLUMINA, NextSeq 500, paired-end;https://doi.org/10.1016/j.isci.2023.108004;na;y;na;;;
103;H4_S88;24;PRJEB65292;ERR11865367;ILLUMINA, NextSeq 500, paired-end;https://doi.org/10.1016/j.isci.2023.108004;na;y;na;;;
39;H6_S90;8;PRJEB65292;ERR11865369;ILLUMINA, NextSeq 500, paired-end;https://doi.org/10.1016/j.isci.2023.108004;na;y;na;;;
104;H8_S92;24;PRJEB65292;ERR11865371;ILLUMINA, NextSeq 500, paired-end;https://doi.org/10.1016/j.isci.2023.108004;na;y;na;;;
40;I10_S106;8;PRJEB65292;ERR11865373;ILLUMINA, NextSeq 500, paired-end;https://doi.org/10.1016/j.isci.2023.108004;na;y;na;;;
105;I12_S108;24;PRJEB65292;ERR11865375;ILLUMINA, NextSeq 500, paired-end;https://doi.org/10.1016/j.isci.2023.108004;na;y;na;;;
41;I2_S98;8;PRJEB65292;ERR11865377;ILLUMINA, NextSeq 500, paired-end;https://doi.org/10.1016/j.isci.2023.108004;na;y;na;;;
106;I4_S100;24;PRJEB65292;ERR11865379;ILLUMINA, NextSeq 500, paired-end;https://doi.org/10.1016/j.isci.2023.108004;na;y;na;;;
42;I6_S102;8;PRJEB65292;ERR11865381;ILLUMINA, NextSeq 500, paired-end;https://doi.org/10.1016/j.isci.2023.108004;na;y;na;;;
107;I8_S104;24;PRJEB65292;ERR11865383;ILLUMINA, NextSeq 500, paired-end;https://doi.org/10.1016/j.isci.2023.108004;na;y;na;;;
43;J10_S118;8;PRJEB65292;ERR11865385;ILLUMINA, NextSeq 500, paired-end;https://doi.org/10.1016/j.isci.2023.108004;na;y;na;;;
108;J12_S120;24;PRJEB65292;ERR11865387;ILLUMINA, NextSeq 500, paired-end;https://doi.org/10.1016/j.isci.2023.108004;na;y;na;;;
44;J2_S110;8;PRJEB65292;ERR11865389;ILLUMINA, NextSeq 500, paired-end;https://doi.org/10.1016/j.isci.2023.108004;na;y;na;;;
109;J4_S112;24;PRJEB65292;ERR11865391;ILLUMINA, NextSeq 500, paired-end;https://doi.org/10.1016/j.isci.2023.108004;na;y;na;;;
45;J6_S114;8;PRJEB65292;ERR11865393;ILLUMINA, NextSeq 500, paired-end;https://doi.org/10.1016/j.isci.2023.108004;na;y;na;;;
110;J8_S116;24;PRJEB65292;ERR11865395;ILLUMINA, NextSeq 500, paired-end;https://doi.org/10.1016/j.isci.2023.108004;na;y;na;;;
46;k10_S5;8;PRJEB65292;ERR11865397;ILLUMINA, NextSeq 500, paired-end;https://doi.org/10.1016/j.isci.2023.108004;na;y;na;;;
111;k12_S7;24;PRJEB65292;ERR11865399;ILLUMINA, NextSeq 500, paired-end;https://doi.org/10.1016/j.isci.2023.108004;na;y;na;;;
47;k2_S122;8;PRJEB65292;ERR11865401;ILLUMINA, NextSeq 500, paired-end;https://doi.org/10.1016/j.isci.2023.108004;na;y;na;;;
112;k4_S124;24;PRJEB65292;ERR11865403;ILLUMINA, NextSeq 500, paired-end;https://doi.org/10.1016/j.isci.2023.108004;na;y;na;;;
48;k6_S1;8;PRJEB65292;ERR11865405;ILLUMINA, NextSeq 500, paired-end;https://doi.org/10.1016/j.isci.2023.108004;na;y;na;;;
113;k8_S3;24;PRJEB65292;ERR11865407;ILLUMINA, NextSeq 500, paired-end;https://doi.org/10.1016/j.isci.2023.108004;na;y;na;;;
49;L10_S17;8;PRJEB65292;ERR11865409;ILLUMINA, NextSeq 500, paired-end;https://doi.org/10.1016/j.isci.2023.108004;na;y;na;;;
114;L12_S19;24;PRJEB65292;ERR11865411;ILLUMINA, NextSeq 500, paired-end;https://doi.org/10.1016/j.isci.2023.108004;na;y;na;;;
50;L2_S9;8;PRJEB65292;ERR11865413;ILLUMINA, NextSeq 500, paired-end;https://doi.org/10.1016/j.isci.2023.108004;na;y;na;;;
115;L4_S11;24;PRJEB65292;ERR11865415;ILLUMINA, NextSeq 500, paired-end;https://doi.org/10.1016/j.isci.2023.108004;na;y;na;;;
51;L6_S13;8;PRJEB65292;ERR11865417;ILLUMINA, NextSeq 500, paired-end;https://doi.org/10.1016/j.isci.2023.108004;na;y;na;;;
116;L8_S15;24;PRJEB65292;ERR11865419;ILLUMINA, NextSeq 500, paired-end;https://doi.org/10.1016/j.isci.2023.108004;na;y;na;;;
52;M10_S29;8;PRJEB65292;ERR11865421;ILLUMINA, NextSeq 500, paired-end;https://doi.org/10.1016/j.isci.2023.108004;na;y;na;;;
117;M12_S31;24;PRJEB65292;ERR11865423;ILLUMINA, NextSeq 500, paired-end;https://doi.org/10.1016/j.isci.2023.108004;na;y;na;;;
53;M2_S21;8;PRJEB65292;ERR11865425;ILLUMINA, NextSeq 500, paired-end;https://doi.org/10.1016/j.isci.2023.108004;na;y;na;;;
118;M4_S23;24;PRJEB65292;ERR11865427;ILLUMINA, NextSeq 500, paired-end;https://doi.org/10.1016/j.isci.2023.108004;na;y;na;;;
54;M6_S25;8;PRJEB65292;ERR11865429;ILLUMINA, NextSeq 500, paired-end;https://doi.org/10.1016/j.isci.2023.108004;na;y;na;;;
119;M8_S27;24;PRJEB65292;ERR11865431;ILLUMINA, NextSeq 500, paired-end;https://doi.org/10.1016/j.isci.2023.108004;na;y;na;;;
55;N10_S41;8;PRJEB65292;ERR11865433;ILLUMINA, NextSeq 500, paired-end;https://doi.org/10.1016/j.isci.2023.108004;na;y;na;;;
120;N12_S43;24;PRJEB65292;ERR11865435;ILLUMINA, NextSeq 500, paired-end;https://doi.org/10.1016/j.isci.2023.108004;na;y;na;;;
56;N2_S33;8;PRJEB65292;ERR11865437;ILLUMINA, NextSeq 500, paired-end;https://doi.org/10.1016/j.isci.2023.108004;na;y;na;;;
121;N4_S35;24;PRJEB65292;ERR11865439;ILLUMINA, NextSeq 500, paired-end;https://doi.org/10.1016/j.isci.2023.108004;na;y;na;;;
57;N6_S37;8;PRJEB65292;ERR11865441;ILLUMINA, NextSeq 500, paired-end;https://doi.org/10.1016/j.isci.2023.108004;na;y;na;;;
122;N8_S39;24;PRJEB65292;ERR11865443;ILLUMINA, NextSeq 500, paired-end;https://doi.org/10.1016/j.isci.2023.108004;na;y;na;;;
58;O10_S53;8;PRJEB65292;ERR11865445;ILLUMINA, NextSeq 500, paired-end;https://doi.org/10.1016/j.isci.2023.108004;na;y;na;;;
123;O12_S55;24;PRJEB65292;ERR11865447;ILLUMINA, NextSeq 500, paired-end;https://doi.org/10.1016/j.isci.2023.108004;na;y;na;;;
59;O2_S45;8;PRJEB65292;ERR11865449;ILLUMINA, NextSeq 500, paired-end;https://doi.org/10.1016/j.isci.2023.108004;na;y;na;;;
124;O4_S47;24;PRJEB65292;ERR11865451;ILLUMINA, NextSeq 500, paired-end;https://doi.org/10.1016/j.isci.2023.108004;na;y;na;;;
60;O6_S49;8;PRJEB65292;ERR11865453;ILLUMINA, NextSeq 500, paired-end;https://doi.org/10.1016/j.isci.2023.108004;na;y;na;;;
125;O8_S51;24;PRJEB65292;ERR11865455;ILLUMINA, NextSeq 500, paired-end;https://doi.org/10.1016/j.isci.2023.108004;na;y;na;;;
61;P10_S65;8;PRJEB65292;ERR11865457;ILLUMINA, NextSeq 500, paired-end;https://doi.org/10.1016/j.isci.2023.108004;na;y;na;;;
126;P12_S67;24;PRJEB65292;ERR11865459;ILLUMINA, NextSeq 500, paired-end;https://doi.org/10.1016/j.isci.2023.108004;na;y;na;;;
62;P2_S57;8;PRJEB65292;ERR11865461;ILLUMINA, NextSeq 500, paired-end;https://doi.org/10.1016/j.isci.2023.108004;na;y;na;;;
127;P4_S59;24;PRJEB65292;ERR11865463;ILLUMINA, NextSeq 500, paired-end;https://doi.org/10.1016/j.isci.2023.108004;na;y;na;;;
63;P6_S61;8;PRJEB65292;ERR11865465;ILLUMINA, NextSeq 500, paired-end;https://doi.org/10.1016/j.isci.2023.108004;na;y;na;;;
128;P8_S63;24;PRJEB65292;ERR11865467;ILLUMINA, NextSeq 500, paired-end;https://doi.org/10.1016/j.isci.2023.108004;na;y;na;;;
64;Q10_S77;8;PRJEB65292;ERR11865469;ILLUMINA, NextSeq 500, paired-end;https://doi.org/10.1016/j.isci.2023.108004;na;y;na;;;
129;Q12_S79;24;PRJEB65292;ERR11865471;ILLUMINA, NextSeq 500, paired-end;https://doi.org/10.1016/j.isci.2023.108004;na;y;na;;;
65;Q2_S69;8;PRJEB65292;ERR11865473;ILLUMINA, NextSeq 500, paired-end;https://doi.org/10.1016/j.isci.2023.108004;na;y;na;;;
130;Q4_S71;24;PRJEB65292;ERR11865475;ILLUMINA, NextSeq 500, paired-end;https://doi.org/10.1016/j.isci.2023.108004;na;y;na;;;
66;Q6_S73;8;PRJEB65292;ERR11865477;ILLUMINA, NextSeq 500, paired-end;https://doi.org/10.1016/j.isci.2023.108004;na;y;na;;;
131;Q8_S75;24;PRJEB65292;ERR11865479;ILLUMINA, NextSeq 500, paired-end;https://doi.org/10.1016/j.isci.2023.108004;na;y;na;;;
67;R10_S89;8;PRJEB65292;ERR11865481;ILLUMINA, NextSeq 500, paired-end;https://doi.org/10.1016/j.isci.2023.108004;na;y;na;;;
132;R12_S91;24;PRJEB65292;ERR11865483;ILLUMINA, NextSeq 500, paired-end;https://doi.org/10.1016/j.isci.2023.108004;na;y;na;;;
68;R2_S81;8;PRJEB65292;ERR11865485;ILLUMINA, NextSeq 500, paired-end;https://doi.org/10.1016/j.isci.2023.108004;na;y;na;;;
133;R4_S83;24;PRJEB65292;ERR11865487;ILLUMINA, NextSeq 500, paired-end;https://doi.org/10.1016/j.isci.2023.108004;na;y;na;;;
69;R6_S85;8;PRJEB65292;ERR11865489;ILLUMINA, NextSeq 500, paired-end;https://doi.org/10.1016/j.isci.2023.108004;na;y;na;;;
134;R8_S87;24;PRJEB65292;ERR11865491;ILLUMINA, NextSeq 500, paired-end;https://doi.org/10.1016/j.isci.2023.108004;na;y;na;;;
70;S10_S101;8;PRJEB65292;ERR11865493;ILLUMINA, NextSeq 500, paired-end;https://doi.org/10.1016/j.isci.2023.108004;na;y;na;;;
135;S12_S103;24;PRJEB65292;ERR11865495;ILLUMINA, NextSeq 500, paired-end;https://doi.org/10.1016/j.isci.2023.108004;na;y;na;;;
71;S2_S93;8;PRJEB65292;ERR11865497;ILLUMINA, NextSeq 500, paired-end;https://doi.org/10.1016/j.isci.2023.108004;na;y;na;;;
136;S4_S95;24;PRJEB65292;ERR11865499;ILLUMINA, NextSeq 500, paired-end;https://doi.org/10.1016/j.isci.2023.108004;na;y;na;;;
72;S6_S97;8;PRJEB65292;ERR11865501;ILLUMINA, NextSeq 500, paired-end;https://doi.org/10.1016/j.isci.2023.108004;na;y;na;;;
137;S8_S99;24;PRJEB65292;ERR11865503;ILLUMINA, NextSeq 500, paired-end;https://doi.org/10.1016/j.isci.2023.108004;na;y;na;;;
138;T1_S104;24;PRJEB65292;ERR11865508;ILLUMINA, NextSeq 500, paired-end;https://doi.org/10.1016/j.isci.2023.108004;na;y;na;;;
73;T2_S105;8;PRJEB65292;ERR11865509;ILLUMINA, NextSeq 500, paired-end;https://doi.org/10.1016/j.isci.2023.108004;na;y;na;;;
139;T4_S107;24;PRJEB65292;ERR11865511;ILLUMINA, NextSeq 500, paired-end;https://doi.org/10.1016/j.isci.2023.108004;na;y;na;;;
74;V11_S72;8;PRJEB65292;ERR11865538;ILLUMINA, NextSeq 500, paired-end;https://doi.org/10.1016/j.isci.2023.108004;na;y;na;;;
140;V1_S62;24;PRJEB65292;ERR11865540;ILLUMINA, NextSeq 500, paired-end;https://doi.org/10.1016/j.isci.2023.108004;na;y;na;;;
75;V3_S64;8;PRJEB65292;ERR11865542;ILLUMINA, NextSeq 500, paired-end;https://doi.org/10.1016/j.isci.2023.108004;na;y;na;;;
141;V5_S66;24;PRJEB65292;ERR11865544;ILLUMINA, NextSeq 500, paired-end;https://doi.org/10.1016/j.isci.2023.108004;na;y;na;;;
76;V7_S68;8;PRJEB65292;ERR11865546;ILLUMINA, NextSeq 500, paired-end;https://doi.org/10.1016/j.isci.2023.108004;na;y;na;;;
142;V9_S70;24;PRJEB65292;ERR11865548;ILLUMINA, NextSeq 500, paired-end;https://doi.org/10.1016/j.isci.2023.108004;na;y;na;;;
143;W1_S74;24;PRJEB65292;ERR11865552;ILLUMINA, NextSeq 500, paired-end;https://doi.org/10.1016/j.isci.2023.108004;na;y;na;;;
77;W3_S76;8;PRJEB65292;ERR11865554;ILLUMINA, NextSeq 500, paired-end;https://doi.org/10.1016/j.isci.2023.108004;na;y;na;;;
144;W5_S78;24;PRJEB65292;ERR11865556;ILLUMINA, NextSeq 500, paired-end;https://doi.org/10.1016/j.isci.2023.108004;na;y;na;;;
78;W7_S80;8;PRJEB65292;ERR11865558;ILLUMINA, NextSeq 500, paired-end;https://doi.org/10.1016/j.isci.2023.108004;na;y;na;;;
145;W9_S82;24;PRJEB65292;ERR11865560;ILLUMINA, NextSeq 500, paired-end;https://doi.org/10.1016/j.isci.2023.108004;na;y;na;;;
383;TG_FU_T1_ML_0AE_S384;24h every 1-3 day for 1 week ;PRJEB77409;ERR14783384;Illumina NovaSeq 6000, paired-end;https://doi.org/10.21203/rs.3.rs-6104343/v1;na;y;Every Good Thing, UK;;;
311;TG_FU_T1_ML_0AN_S37;24h every 1-3 day for 1 week ;PRJEB77409;ERR14783385;Illumina NovaSeq 6000, paired-end;https://doi.org/10.21203/rs.3.rs-6104343/v1;na;y;Every Good Thing, UK;;;
384;TG_FU_T2_ML_0AE_S301;24h every 1-3 day for 5 week ;PRJEB77409;ERR14783386;Illumina NovaSeq 6000, paired-end;https://doi.org/10.21203/rs.3.rs-6104343/v1;na;y;Every Good Thing, UK;;;
355;TG_GO_T1_ML_0AE_S372;24h every 1-3 day for 1 week ;PRJEB77409;ERR14783390;Illumina NovaSeq 6000, paired-end;https://doi.org/10.21203/rs.3.rs-6104343/v1;na;y;Every Good Thing, UK;;;
312;TG_GO_T1_ML_0AN_S25;24h every 1-3 day for 1 week ;PRJEB77409;ERR14783391;Illumina NovaSeq 6000, paired-end;https://doi.org/10.21203/rs.3.rs-6104343/v1;na;y;Every Good Thing, UK;;;
387;TG_GO_T2_ML_0AE_S289;24h every 1-3 day for 5 week ;PRJEB77409;ERR14783392;Illumina NovaSeq 6000, paired-end;https://doi.org/10.21203/rs.3.rs-6104343/v1;na;y;Every Good Thing, UK;;;
313;TG_GO_T2_ML_0AN_S85;24h every 1-3 day for 5 week ;PRJEB77409;ERR14783393;Illumina NovaSeq 6000, paired-end;https://doi.org/10.21203/rs.3.rs-6104343/v1;na;y;Every Good Thing, UK;;;
388;TG_ID009_ML_T1_S139;24h every 1-3 day for 1 week ;PRJEB77409;ERR14783399;Illumina NovaSeq 6000, paired-end;https://doi.org/10.21203/rs.3.rs-6104343/v1;na;y;Every Good Thing, UK;;;
356;TG_ID009_ML_T2_S296;24h every 1-3 day for 5 week ;PRJEB77409;ERR14783400;Illumina NovaSeq 6000, paired-end;https://doi.org/10.21203/rs.3.rs-6104343/v1;na;y;Every Good Thing, UK;;;
389;TG_ID009_ML_T4_S55;24h every 1-3 day for 13 week ;PRJEB77409;ERR14783401;Illumina NovaSeq 6000, paired-end;https://doi.org/10.21203/rs.3.rs-6104343/v1;na;y;Every Good Thing, UK;;;
357;TG_ID009_ML_T6_S28;24h every 1-3 day for 21 week ;PRJEB77409;ERR14783402;Illumina NovaSeq 6000, paired-end;https://doi.org/10.21203/rs.3.rs-6104343/v1;na;y;Every Good Thing, UK;;;
314;TG_ID010_ML_T1_S379;24h every 1-3 day for 1 week ;PRJEB77409;ERR14783408;Illumina NovaSeq 6000, paired-end;https://doi.org/10.21203/rs.3.rs-6104343/v1;na;y;Every Good Thing, UK;;;
390;TG_ID010_ML_T3_S108;24h every 1-3 day for 9 week ;PRJEB77409;ERR14783409;Illumina NovaSeq 6000, paired-end;https://doi.org/10.21203/rs.3.rs-6104343/v1;na;y;Every Good Thing, UK;;;
358;TG_ID010_ML_T4_S80;24h every 1-3 day for 13 week ;PRJEB77409;ERR14783410;Illumina NovaSeq 6000, paired-end;https://doi.org/10.21203/rs.3.rs-6104343/v1;na;y;Every Good Thing, UK;;;
315;TG_ID010_ML_T5_S120;24h every 1-3 day for 17 week ;PRJEB77409;ERR14783411;Illumina NovaSeq 6000, paired-end;https://doi.org/10.21203/rs.3.rs-6104343/v1;na;y;Every Good Thing, UK;;;
391;TG_ID011_ML_T3_S113;24h every 1-3 day for 9 week ;PRJEB77409;ERR14783416;Illumina NovaSeq 6000, paired-end;https://doi.org/10.21203/rs.3.rs-6104343/v1;na;y;Every Good Thing, UK;;;
316;TG_ID011_ML_T6_S52;24h every 1-3 day for 21 week ;PRJEB77409;ERR14783418;Illumina NovaSeq 6000, paired-end;https://doi.org/10.21203/rs.3.rs-6104343/v1;na;y;Every Good Thing, UK;;;
317;TG_ID012_ML_T1_S367;24h every 1-3 day for 1 week ;PRJEB77409;ERR14783424;Illumina NovaSeq 6000, paired-end;https://doi.org/10.21203/rs.3.rs-6104343/v1;na;y;Every Good Thing, UK;;;
359;TG_ID012_ML_T2_S308;24h every 1-3 day for 5 week ;PRJEB77409;ERR14783425;Illumina NovaSeq 6000, paired-end;https://doi.org/10.21203/rs.3.rs-6104343/v1;na;y;Every Good Thing, UK;;;
318;TG_ID012_ML_T4_S140;24h every 1-3 day for 13 week ;PRJEB77409;ERR14783426;Illumina NovaSeq 6000, paired-end;https://doi.org/10.21203/rs.3.rs-6104343/v1;na;y;Every Good Thing, UK;;;
360;TG_ID012_ML_T5_S141;24h every 1-3 day for 17 week ;PRJEB77409;ERR14783427;Illumina NovaSeq 6000, paired-end;https://doi.org/10.21203/rs.3.rs-6104343/v1;na;y;Every Good Thing, UK;;;
319;TG_ID013_ML_T1_S150;24h every 1-3 day for 1 week ;PRJEB77409;ERR14783429;Illumina NovaSeq 6000, paired-end;https://doi.org/10.21203/rs.3.rs-6104343/v1;na;y;Every Good Thing, UK;;;
393;TG_ID014_ML_T2_S4;24h every 1-3 day for 5 week ;PRJEB77409;ERR14783433;Illumina NovaSeq 6000, paired-end;https://doi.org/10.21203/rs.3.rs-6104343/v1;na;y;Every Good Thing, UK;;;
394;TG_ID014_ML_T3_S81;24h every 1-3 day for 9 week ;PRJEB77409;ERR14783434;Illumina NovaSeq 6000, paired-end;https://doi.org/10.21203/rs.3.rs-6104343/v1;na;y;Every Good Thing, UK;;;
395;TG_ID020_ML_T1_S142;24h every 1-3 day for 1 week ;PRJEB77409;ERR14783439;Illumina NovaSeq 6000, paired-end;https://doi.org/10.21203/rs.3.rs-6104343/v1;na;y;Every Good Thing, UK;;;
396;TG_ID020_ML_T2_S300;24h every 1-3 day for 5 week ;PRJEB77409;ERR14783440;Illumina NovaSeq 6000, paired-end;https://doi.org/10.21203/rs.3.rs-6104343/v1;na;y;Every Good Thing, UK;;;
397;TG_ID020_ML_T3_S143;24h every 1-3 day for 9 week ;PRJEB77409;ERR14783441;Illumina NovaSeq 6000, paired-end;https://doi.org/10.21203/rs.3.rs-6104343/v1;na;y;Every Good Thing, UK;;;
320;TG_ID020_ML_T4_S144;24h every 1-3 day for 13 week ;PRJEB77409;ERR14783442;Illumina NovaSeq 6000, paired-end;https://doi.org/10.21203/rs.3.rs-6104343/v1;na;y;Every Good Thing, UK;;;
321;TG_ID026_ML_T2_S157;24h every 1-3 day for 5 week ;PRJEB77409;ERR14783446;Illumina NovaSeq 6000, paired-end;https://doi.org/10.21203/rs.3.rs-6104343/v1;na;y;Every Good Thing, UK;;;
322;TG_ID026_ML_T4_S151;24h every 1-3 day for 13 week ;PRJEB77409;ERR14783447;Illumina NovaSeq 6000, paired-end;https://doi.org/10.21203/rs.3.rs-6104343/v1;na;y;Every Good Thing, UK;;;
398;TG_ID029_ML_T1_S145;24h every 1-3 day for 1 week ;PRJEB77409;ERR14783453;Illumina NovaSeq 6000, paired-end;https://doi.org/10.21203/rs.3.rs-6104343/v1;na;y;Every Good Thing, UK;;;
361;TG_ID029_ML_T2_S16;24h every 1-3 day for 5 week ;PRJEB77409;ERR14783454;Illumina NovaSeq 6000, paired-end;https://doi.org/10.21203/rs.3.rs-6104343/v1;na;y;Every Good Thing, UK;;;
323;TG_ID029_ML_T2_S79;24h every 1-3 day for 5 week ;PRJEB77409;ERR14783455;Illumina NovaSeq 6000, paired-end;https://doi.org/10.21203/rs.3.rs-6104343/v1;na;y;Every Good Thing, UK;;;
324;TG_ID029_ML_T5_S147;24h every 1-3 day for 17 week ;PRJEB77409;ERR14783456;Illumina NovaSeq 6000, paired-end;https://doi.org/10.21203/rs.3.rs-6104343/v1;na;y;Every Good Thing, UK;;;
362;TG_ID032_ML_T2_S324;24h every 1-3 day for 5 week ;PRJEB77409;ERR14783459;Illumina NovaSeq 6000, paired-end;https://doi.org/10.21203/rs.3.rs-6104343/v1;na;y;Every Good Thing, UK;;;
363;TG_ID032_ML_T3_S152;24h every 1-3 day for 9 week ;PRJEB77409;ERR14783460;Illumina NovaSeq 6000, paired-end;https://doi.org/10.21203/rs.3.rs-6104343/v1;na;y;Every Good Thing, UK;;;
399;TG_ID036_ML_T1_S153;24h every 1-3 day for 1 week ;PRJEB77409;ERR14783464;Illumina NovaSeq 6000, paired-end;https://doi.org/10.21203/rs.3.rs-6104343/v1;na;y;Every Good Thing, UK;;;
325;TG_ID036_ML_T4_S10;24h every 1-3 day for 13 week ;PRJEB77409;ERR14783465;Illumina NovaSeq 6000, paired-end;https://doi.org/10.21203/rs.3.rs-6104343/v1;na;y;Every Good Thing, UK;;;
400;TG_ID036_ML_T5_S149;24h every 1-3 day for 17 week ;PRJEB77409;ERR14783466;Illumina NovaSeq 6000, paired-end;https://doi.org/10.21203/rs.3.rs-6104343/v1;na;y;Every Good Thing, UK;;;
365;TG_ID037_ML_T2_S173;24h every 1-3 day for 5 week ;PRJEB77409;ERR14783473;Illumina NovaSeq 6000, paired-end;https://doi.org/10.21203/rs.3.rs-6104343/v1;na;y;Every Good Thing, UK;;;
326;TG_ID037_ML_T3_S185;24h every 1-3 day for 9 week ;PRJEB77409;ERR14783474;Illumina NovaSeq 6000, paired-end;https://doi.org/10.21203/rs.3.rs-6104343/v1;na;y;Every Good Thing, UK;;;
401;TG_ID037_ML_T4_S30;24h every 1-3 day for 13 week ;PRJEB77409;ERR14783475;Illumina NovaSeq 6000, paired-end;https://doi.org/10.21203/rs.3.rs-6104343/v1;na;y;Every Good Thing, UK;;;
327;TG_ID037_ML_T5_S57;24h every 1-3 day for 17 week ;PRJEB77409;ERR14783476;Illumina NovaSeq 6000, paired-end;https://doi.org/10.21203/rs.3.rs-6104343/v1;na;y;Every Good Thing, UK;;;
328;TG_ID042_ML_T1_S114;24h every 1-3 day for 1 week ;PRJEB77409;ERR14783483;Illumina NovaSeq 6000, paired-end;https://doi.org/10.21203/rs.3.rs-6104343/v1;na;y;Every Good Thing, UK;;;
329;TG_ID042_ML_T2_S312;24h every 1-3 day for 5 week ;PRJEB77409;ERR14783484;Illumina NovaSeq 6000, paired-end;https://doi.org/10.21203/rs.3.rs-6104343/v1;na;y;Every Good Thing, UK;;;
330;TG_ID042_ML_T3_S138;24h every 1-3 day for 9 week ;PRJEB77409;ERR14783485;Illumina NovaSeq 6000, paired-end;https://doi.org/10.21203/rs.3.rs-6104343/v1;na;y;Every Good Thing, UK;;;
403;TG_ID042_ML_T4_S176;24h every 1-3 day for 13 week ;PRJEB77409;ERR14783486;Illumina NovaSeq 6000, paired-end;https://doi.org/10.21203/rs.3.rs-6104343/v1;na;y;Every Good Thing, UK;;;
404;TG_ID042_ML_T6_S172;24h every 1-3 day for 21 week ;PRJEB77409;ERR14783487;Illumina NovaSeq 6000, paired-end;https://doi.org/10.21203/rs.3.rs-6104343/v1;na;y;Every Good Thing, UK;;;
331;TG_ID043_ML_T1_S162;24h every 1-3 day for 1 week ;PRJEB77409;ERR14783492;Illumina NovaSeq 6000, paired-end;https://doi.org/10.21203/rs.3.rs-6104343/v1;na;y;Every Good Thing, UK;;;
405;TG_ID043_ML_T2_S186;24h every 1-3 day for 5 week ;PRJEB77409;ERR14783493;Illumina NovaSeq 6000, paired-end;https://doi.org/10.21203/rs.3.rs-6104343/v1;na;y;Every Good Thing, UK;;;
332;TG_ID043_ML_T3_S175;24h every 1-3 day for 9 week ;PRJEB77409;ERR14783494;Illumina NovaSeq 6000, paired-end;https://doi.org/10.21203/rs.3.rs-6104343/v1;na;y;Every Good Thing, UK;;;
406;TG_ID043_ML_T6_S174;24h every 1-3 day for 21 week ;PRJEB77409;ERR14783495;Illumina NovaSeq 6000, paired-end;https://doi.org/10.21203/rs.3.rs-6104343/v1;na;y;Every Good Thing, UK;;;
407;TG_ID048_ML_T2_S148;24h every 1-3 day for 5 week ;PRJEB77409;ERR14783500;Illumina NovaSeq 6000, paired-end;https://doi.org/10.21203/rs.3.rs-6104343/v1;na;y;Every Good Thing, UK;;;
366;TG_ID048_ML_T3_S5;24h every 1-3 day for 9 week ;PRJEB77409;ERR14783501;Illumina NovaSeq 6000, paired-end;https://doi.org/10.21203/rs.3.rs-6104343/v1;na;y;Every Good Thing, UK;;;
408;TG_ID048_ML_T4_S14;24h every 1-3 day for 13 week ;PRJEB77409;ERR14783502;Illumina NovaSeq 6000, paired-end;https://doi.org/10.21203/rs.3.rs-6104343/v1;na;y;Every Good Thing, UK;;;
409;TG_ID048_ML_T5_S31;24h every 1-3 day for 17 week ;PRJEB77409;ERR14783503;Illumina NovaSeq 6000, paired-end;https://doi.org/10.21203/rs.3.rs-6104343/v1;na;y;Every Good Thing, UK;;;
367;TG_ID049_ML_T1_S104;24h every 1-3 day for 1 week ;PRJEB77409;ERR14783509;Illumina NovaSeq 6000, paired-end;https://doi.org/10.21203/rs.3.rs-6104343/v1;na;y;Every Good Thing, UK;;;
368;TG_ID049_ML_T3_S115;24h every 1-3 day for 9  week ;PRJEB77409;ERR14783510;Illumina NovaSeq 6000, paired-end;https://doi.org/10.21203/rs.3.rs-6104343/v1;na;y;Every Good Thing, UK;;;
333;TG_ID049_ML_T5_S139;24h every 1-3 day for 17 week ;PRJEB77409;ERR14783511;Illumina NovaSeq 6000, paired-end;https://doi.org/10.21203/rs.3.rs-6104343/v1;na;y;Every Good Thing, UK;;;
369;TG_ID049_ML_T6_S33;24h every 1-3 day for 21 week ;PRJEB77409;ERR14783512;Illumina NovaSeq 6000, paired-end;https://doi.org/10.21203/rs.3.rs-6104343/v1;na;y;Every Good Thing, UK;;;
334;TG_ID050_ML_T1_S132;24h every 1-3 day for 1 week ;PRJEB77409;ERR14783519;Illumina NovaSeq 6000, paired-end;https://doi.org/10.21203/rs.3.rs-6104343/v1;na;y;Every Good Thing, UK;;;
335;TG_ID050_ML_T3_S156;24h every 1-3 day for 9 week ;PRJEB77409;ERR14783521;Illumina NovaSeq 6000, paired-end;https://doi.org/10.21203/rs.3.rs-6104343/v1;na;y;Every Good Thing, UK;;;
412;TG_ID050_ML_T4_S82;24h every 1-3 day for 13 week ;PRJEB77409;ERR14783522;Illumina NovaSeq 6000, paired-end;https://doi.org/10.21203/rs.3.rs-6104343/v1;na;y;Every Good Thing, UK;;;
336;TG_ID050_ML_T5_S168;24h every 1-3 day for 17 week ;PRJEB77409;ERR14783523;Illumina NovaSeq 6000, paired-end;https://doi.org/10.21203/rs.3.rs-6104343/v1;na;y;Every Good Thing, UK;;;
370;TG_ID050_ML_T6_S179;24h every 1-3 day for 21 week ;PRJEB77409;ERR14783524;Illumina NovaSeq 6000, paired-end;https://doi.org/10.21203/rs.3.rs-6104343/v1;na;y;Every Good Thing, UK;;;
413;TG_ID052_ML_T3_S76;24h every 1-3 day for 9 week ;PRJEB77409;ERR14783530;Illumina NovaSeq 6000, paired-end;https://doi.org/10.21203/rs.3.rs-6104343/v1;na;y;Every Good Thing, UK;;;
414;TG_ID052_ML_T5_S155;24h every 1-3 day for 17 week ;PRJEB77409;ERR14783532;Illumina NovaSeq 6000, paired-end;https://doi.org/10.21203/rs.3.rs-6104343/v1;na;y;Every Good Thing, UK;;;
338;TG_ID053_ML_T1_S336;24h every 1-3 day for 1 week ;PRJEB77409;ERR14783538;Illumina NovaSeq 6000, paired-end;https://doi.org/10.21203/rs.3.rs-6104343/v1;na;y;Every Good Thing, UK;;;
371;TG_ID053_ML_T2_S348;24h every 1-3 day for 5 week ;PRJEB77409;ERR14783539;Illumina NovaSeq 6000, paired-end;https://doi.org/10.21203/rs.3.rs-6104343/v1;na;y;Every Good Thing, UK;;;
372;TG_ID053_ML_T4_S116;24h every 1-3 day for 13 week ;PRJEB77409;ERR14783541;Illumina NovaSeq 6000, paired-end;https://doi.org/10.21203/rs.3.rs-6104343/v1;na;y;Every Good Thing, UK;;;
373;TG_ID054_ML_T2_S163;24h every 1-3 day for 5 week ;PRJEB77409;ERR14783549;Illumina NovaSeq 6000, paired-end;https://doi.org/10.21203/rs.3.rs-6104343/v1;na;y;Every Good Thing, UK;;;
417;TG_ID054_ML_T3_S360;24h every 1-3 day for 9 week ;PRJEB77409;ERR14783550;Illumina NovaSeq 6000, paired-end;https://doi.org/10.21203/rs.3.rs-6104343/v1;na;y;Every Good Thing, UK;;;
374;TG_ID054_ML_T4_S58;24h every 1-3 day for 13 week ;PRJEB77409;ERR14783551;Illumina NovaSeq 6000, paired-end;https://doi.org/10.21203/rs.3.rs-6104343/v1;na;y;Every Good Thing, UK;;;
340;TG_ID054_ML_T6_S34;24h every 1-3 day for 21 week ;PRJEB77409;ERR14783553;Illumina NovaSeq 6000, paired-end;https://doi.org/10.21203/rs.3.rs-6104343/v1;na;y;Every Good Thing, UK;;;
341;TG_ID115_ML_T1_S122;24h every 1-3 day for 1 week ;PRJEB77409;ERR14783783;Illumina NovaSeq 6000, paired-end;https://doi.org/10.21203/rs.3.rs-6104343/v1;na;y;Every Good Thing, UK;;;
342;TG_ID115_ML_T2_S123;24h every 1-3 day for 5 week ;PRJEB77409;ERR14783784;Illumina NovaSeq 6000, paired-end;https://doi.org/10.21203/rs.3.rs-6104343/v1;na;y;Every Good Thing, UK;;;
343;TG_ID115_ML_T3_S124;24h every 1-3 day for 9 week ;PRJEB77409;ERR14783785;Illumina NovaSeq 6000, paired-end;https://doi.org/10.21203/rs.3.rs-6104343/v1;na;y;Every Good Thing, UK;;;
419;TG_ID115_ML_T4_S125;24h every 1-3 day for 13 week ;PRJEB77409;ERR14783786;Illumina NovaSeq 6000, paired-end;https://doi.org/10.21203/rs.3.rs-6104343/v1;na;y;Every Good Thing, UK;;;
344;TG_ID115_ML_T5_S126;24h every 1-3 day for 17 week ;PRJEB77409;ERR14783787;Illumina NovaSeq 6000, paired-end;https://doi.org/10.21203/rs.3.rs-6104343/v1;na;y;Every Good Thing, UK;;;
345;TG_ID115_ML_T6_S127;24h every 1-3 day for 21 week ;PRJEB77409;ERR14783788;Illumina NovaSeq 6000, paired-end;https://doi.org/10.21203/rs.3.rs-6104343/v1;na;y;Every Good Thing, UK;;;
346;TG_ID124_ML_T1_S8;24h every 1-3 day for 1 week ;PRJEB77409;ERR14783792;Illumina NovaSeq 6000, paired-end;https://doi.org/10.21203/rs.3.rs-6104343/v1;na;y;Every Good Thing, UK;;;
375;TG_ID124_ML_T2_S159;24h every 1-3 day for 5 week ;PRJEB77409;ERR14783793;Illumina NovaSeq 6000, paired-end;https://doi.org/10.21203/rs.3.rs-6104343/v1;na;y;Every Good Thing, UK;;;
376;TG_ID124_ML_T3_S160;24h every 1-3 day for 9 week ;PRJEB77409;ERR14783794;Illumina NovaSeq 6000, paired-end;https://doi.org/10.21203/rs.3.rs-6104343/v1;na;y;Every Good Thing, UK;;;
377;TG_ID124_ML_T5_S161;24h every 1-3 day for 17 week ;PRJEB77409;ERR14783795;Illumina NovaSeq 6000, paired-end;https://doi.org/10.21203/rs.3.rs-6104343/v1;na;y;Every Good Thing, UK;;;
347;TG_ID124_ML_T6_S119;24h every 1-3 day for 21 week ;PRJEB77409;ERR14783796;Illumina NovaSeq 6000, paired-end;https://doi.org/10.21203/rs.3.rs-6104343/v1;na;y;Every Good Thing, UK;;;
420;TG_ID125_ML_T4_S12;24h every 1-3 day for 13 week ;PRJEB77409;ERR14783802;Illumina NovaSeq 6000, paired-end;https://doi.org/10.21203/rs.3.rs-6104343/v1;na;y;Every Good Thing, UK;;;
380;TG_LO_T1_ML_0AE_S1;24h every 1-3 day for 1 week ;PRJEB77409;ERR14783805;Illumina NovaSeq 6000, paired-end;https://doi.org/10.21203/rs.3.rs-6104343/v1;na;y;Every Good Thing, UK;;;
349;TG_LO_T1_ML_0AN_S49;24h every 1-3 day for 1 week ;PRJEB77409;ERR14783806;Illumina NovaSeq 6000, paired-end;https://doi.org/10.21203/rs.3.rs-6104343/v1;na;y;Every Good Thing, UK;;;
381;TG_SK_T1_ML_0AE_S13;24h every 1-3 day for 1 week ;PRJEB77409;ERR14783809;Illumina NovaSeq 6000, paired-end;https://doi.org/10.21203/rs.3.rs-6104343/v1;na;y;Every Good Thing, UK;;;
382;TG_SK_T1_ML_0AN_S61;24h every 1-3 day for 1 week ;PRJEB77409;ERR14783810;Illumina NovaSeq 6000, paired-end;https://doi.org/10.21203/rs.3.rs-6104343/v1;na;y;Every Good Thing, UK;;;
352;TG_SK_T2_ML_0AE_S73;24h every 1-3 day for 5 week ;PRJEB77409;ERR14783811;Illumina NovaSeq 6000, paired-end;https://doi.org/10.21203/rs.3.rs-6104343/v1;na;y;Every Good Thing, UK;;;
353;TG_SK_T2_ML_0AN_S2;24h every 1-3 day for 5 week ;PRJEB77409;ERR14783812;Illumina NovaSeq 6000, paired-end;https://doi.org/10.21203/rs.3.rs-6104343/v1;na;y;Every Good Thing, UK;;;
308;E_kefir;48;PRJNA704713;SRR13801804;Illumina, NextSeq 500, paired-end;https://doi.org/10.1002/mbo3.1183;na;y;Mexique ;;;
309;C_kefir;48;PRJNA704713;"SRR13801805	";Illumina, NextSeq 500, paired-end;https://doi.org/10.1002/mbo3.1183;na;y;Mexique ;;;
1;K03;48;PRJNA388572;SRR7287342; Illumina HiSeq 2500, paired-end;https://doi.org/10.3390/foods11070900;https://doi.org/10.1016/j.isci.2023.108004;y;Chile;;;
2;K02;48;PRJNA388572;SRR8282406; Illumina HiSeq 4000, paired-end;https://doi.org/10.3390/foods11070900;https://doi.org/10.1016/j.isci.2023.108004;y;Chile;;;
;;;;;;;;;;;;
;;;;;;|;;;;;;
